-- phpMyAdmin SQL Dump
-- version 3.3.8.1
-- http://www.phpmyadmin.net
--
-- 主机: w.rdc.sae.sina.com.cn:3307
-- 生成日期: 2014 年 03 月 07 日 02:22
-- 服务器版本: 5.5.23
-- PHP 版本: 5.3.3

SET SQL_MODE="NO_AUTO_VALUE_ON_ZERO";


/*!40101 SET @OLD_CHARACTER_SET_CLIENT=@@CHARACTER_SET_CLIENT */;
/*!40101 SET @OLD_CHARACTER_SET_RESULTS=@@CHARACTER_SET_RESULTS */;
/*!40101 SET @OLD_COLLATION_CONNECTION=@@COLLATION_CONNECTION */;
/*!40101 SET NAMES utf8 */;

--
-- 数据库: `app_musicrec`
--
DROP DATABASE `app_musicrec`;
CREATE DATABASE `app_musicrec` DEFAULT CHARACTER SET utf8 COLLATE utf8_general_ci;
USE `app_musicrec`;

-- --------------------------------------------------------

--
-- 表的结构 `auth_group`
--

CREATE TABLE IF NOT EXISTS `auth_group` (
  `id` int(11) NOT NULL AUTO_INCREMENT,
  `name` varchar(80) NOT NULL,
  PRIMARY KEY (`id`),
  UNIQUE KEY `name` (`name`)
) ENGINE=MyISAM DEFAULT CHARSET=latin1 AUTO_INCREMENT=1 ;

--
-- 转存表中的数据 `auth_group`
--


-- --------------------------------------------------------

--
-- 表的结构 `auth_group_permissions`
--

CREATE TABLE IF NOT EXISTS `auth_group_permissions` (
  `id` int(11) NOT NULL AUTO_INCREMENT,
  `group_id` int(11) NOT NULL,
  `permission_id` int(11) NOT NULL,
  PRIMARY KEY (`id`),
  UNIQUE KEY `group_id` (`group_id`,`permission_id`),
  KEY `auth_group_permissions_425ae3c4` (`group_id`),
  KEY `auth_group_permissions_1e014c8f` (`permission_id`)
) ENGINE=MyISAM DEFAULT CHARSET=latin1 AUTO_INCREMENT=1 ;

--
-- 转存表中的数据 `auth_group_permissions`
--


-- --------------------------------------------------------

--
-- 表的结构 `auth_permission`
--

CREATE TABLE IF NOT EXISTS `auth_permission` (
  `id` int(11) NOT NULL AUTO_INCREMENT,
  `name` varchar(50) NOT NULL,
  `content_type_id` int(11) NOT NULL,
  `codename` varchar(100) NOT NULL,
  PRIMARY KEY (`id`),
  UNIQUE KEY `content_type_id` (`content_type_id`,`codename`),
  KEY `auth_permission_1bb8f392` (`content_type_id`)
) ENGINE=MyISAM  DEFAULT CHARSET=latin1 AUTO_INCREMENT=28 ;

--
-- 转存表中的数据 `auth_permission`
--

INSERT INTO `auth_permission` (`id`, `name`, `content_type_id`, `codename`) VALUES
(1, 'Can add permission', 1, 'add_permission'),
(2, 'Can change permission', 1, 'change_permission'),
(3, 'Can delete permission', 1, 'delete_permission'),
(4, 'Can add group', 2, 'add_group'),
(5, 'Can change group', 2, 'change_group'),
(6, 'Can delete group', 2, 'delete_group'),
(7, 'Can add user', 3, 'add_user'),
(8, 'Can change user', 3, 'change_user'),
(9, 'Can delete user', 3, 'delete_user'),
(10, 'Can add content type', 4, 'add_contenttype'),
(11, 'Can change content type', 4, 'change_contenttype'),
(12, 'Can delete content type', 4, 'delete_contenttype'),
(13, 'Can add session', 5, 'add_session'),
(14, 'Can change session', 5, 'change_session'),
(15, 'Can delete session', 5, 'delete_session'),
(16, 'Can add site', 6, 'add_site'),
(17, 'Can change site', 6, 'change_site'),
(18, 'Can delete site', 6, 'delete_site'),
(19, 'Can add poll', 7, 'add_poll'),
(20, 'Can change poll', 7, 'change_poll'),
(21, 'Can delete poll', 7, 'delete_poll'),
(22, 'Can add choice', 8, 'add_choice'),
(23, 'Can change choice', 8, 'change_choice'),
(24, 'Can delete choice', 8, 'delete_choice'),
(25, 'Can add log entry', 9, 'add_logentry'),
(26, 'Can change log entry', 9, 'change_logentry'),
(27, 'Can delete log entry', 9, 'delete_logentry');

-- --------------------------------------------------------

--
-- 表的结构 `auth_user`
--

CREATE TABLE IF NOT EXISTS `auth_user` (
  `id` int(11) NOT NULL AUTO_INCREMENT,
  `username` varchar(30) NOT NULL,
  `first_name` varchar(30) NOT NULL,
  `last_name` varchar(30) NOT NULL,
  `email` varchar(75) NOT NULL,
  `password` varchar(128) NOT NULL,
  `is_staff` tinyint(1) NOT NULL,
  `is_active` tinyint(1) NOT NULL,
  `is_superuser` tinyint(1) NOT NULL,
  `last_login` datetime NOT NULL,
  `date_joined` datetime NOT NULL,
  PRIMARY KEY (`id`),
  UNIQUE KEY `username` (`username`)
) ENGINE=MyISAM  DEFAULT CHARSET=latin1 AUTO_INCREMENT=3 ;

--
-- 转存表中的数据 `auth_user`
--

INSERT INTO `auth_user` (`id`, `username`, `first_name`, `last_name`, `email`, `password`, `is_staff`, `is_active`, `is_superuser`, `last_login`, `date_joined`) VALUES
(1, 'root', '', '', 'sae@sina.com', 'pbkdf2_sha256$10000$24Z4xOfUCbbs$8W7HXan50vIdPiECMXk8E63mp5KkX7cxaDUx3SO8q4Y=', 1, 1, 1, '2014-02-09 15:57:41', '2012-10-30 06:06:28'),
(2, 'daiwk', '', '', '', 'pbkdf2_sha256$10000$r6jU3CNuHD1A$Wd/eTi5bM1OkOEktC0d5FgHTir1HnZdUuVgb1s9Y9gQ=', 1, 1, 0, '2014-02-09 16:02:47', '2014-02-04 00:00:00');

-- --------------------------------------------------------

--
-- 表的结构 `auth_user_groups`
--

CREATE TABLE IF NOT EXISTS `auth_user_groups` (
  `id` int(11) NOT NULL AUTO_INCREMENT,
  `user_id` int(11) NOT NULL,
  `group_id` int(11) NOT NULL,
  PRIMARY KEY (`id`),
  UNIQUE KEY `user_id` (`user_id`,`group_id`),
  KEY `auth_user_groups_403f60f` (`user_id`),
  KEY `auth_user_groups_425ae3c4` (`group_id`)
) ENGINE=MyISAM DEFAULT CHARSET=latin1 AUTO_INCREMENT=1 ;

--
-- 转存表中的数据 `auth_user_groups`
--


-- --------------------------------------------------------

--
-- 表的结构 `auth_user_user_permissions`
--

CREATE TABLE IF NOT EXISTS `auth_user_user_permissions` (
  `id` int(11) NOT NULL AUTO_INCREMENT,
  `user_id` int(11) NOT NULL,
  `permission_id` int(11) NOT NULL,
  PRIMARY KEY (`id`),
  UNIQUE KEY `user_id` (`user_id`,`permission_id`),
  KEY `auth_user_user_permissions_403f60f` (`user_id`),
  KEY `auth_user_user_permissions_1e014c8f` (`permission_id`)
) ENGINE=MyISAM DEFAULT CHARSET=latin1 AUTO_INCREMENT=1 ;

--
-- 转存表中的数据 `auth_user_user_permissions`
--


-- --------------------------------------------------------

--
-- 表的结构 `django_admin_log`
--

CREATE TABLE IF NOT EXISTS `django_admin_log` (
  `id` int(11) NOT NULL AUTO_INCREMENT,
  `action_time` datetime NOT NULL,
  `user_id` int(11) NOT NULL,
  `content_type_id` int(11) DEFAULT NULL,
  `object_id` longtext,
  `object_repr` varchar(200) NOT NULL,
  `action_flag` smallint(5) unsigned NOT NULL,
  `change_message` longtext NOT NULL,
  PRIMARY KEY (`id`),
  KEY `django_admin_log_403f60f` (`user_id`),
  KEY `django_admin_log_1bb8f392` (`content_type_id`)
) ENGINE=MyISAM  DEFAULT CHARSET=latin1 AUTO_INCREMENT=7 ;

--
-- 转存表中的数据 `django_admin_log`
--

INSERT INTO `django_admin_log` (`id`, `action_time`, `user_id`, `content_type_id`, `object_id`, `object_repr`, `action_flag`, `change_message`) VALUES
(1, '2012-10-30 06:18:15', 1, 7, '1', 'Poll object', 1, ''),
(2, '2012-10-30 07:08:39', 1, 7, '1', 'Poll object', 3, ''),
(3, '2012-10-30 07:10:39', 1, 7, '2', 'Poll object', 1, ''),
(4, '2012-10-30 07:13:02', 1, 7, '3', 'Poll object', 1, ''),
(5, '2012-10-30 08:00:07', 1, 7, '3', 'Poll object', 2, 'Changed question.'),
(6, '2012-10-31 02:10:18', 1, 7, '4', 'Poll object', 1, '');

-- --------------------------------------------------------

--
-- 表的结构 `django_content_type`
--

CREATE TABLE IF NOT EXISTS `django_content_type` (
  `id` int(11) NOT NULL AUTO_INCREMENT,
  `name` varchar(100) NOT NULL,
  `app_label` varchar(100) NOT NULL,
  `model` varchar(100) NOT NULL,
  PRIMARY KEY (`id`),
  UNIQUE KEY `app_label` (`app_label`,`model`)
) ENGINE=MyISAM  DEFAULT CHARSET=latin1 AUTO_INCREMENT=10 ;

--
-- 转存表中的数据 `django_content_type`
--

INSERT INTO `django_content_type` (`id`, `name`, `app_label`, `model`) VALUES
(1, 'permission', 'auth', 'permission'),
(2, 'group', 'auth', 'group'),
(3, 'user', 'auth', 'user'),
(4, 'content type', 'contenttypes', 'contenttype'),
(5, 'session', 'sessions', 'session'),
(6, 'site', 'sites', 'site'),
(7, 'poll', 'polls', 'poll'),
(8, 'choice', 'polls', 'choice'),
(9, 'log entry', 'admin', 'logentry');

-- --------------------------------------------------------

--
-- 表的结构 `django_session`
--

CREATE TABLE IF NOT EXISTS `django_session` (
  `session_key` varchar(40) NOT NULL,
  `session_data` longtext NOT NULL,
  `expire_date` datetime NOT NULL,
  PRIMARY KEY (`session_key`),
  KEY `django_session_3da3d3d8` (`expire_date`)
) ENGINE=MyISAM DEFAULT CHARSET=latin1;

--
-- 转存表中的数据 `django_session`
--

INSERT INTO `django_session` (`session_key`, `session_data`, `expire_date`) VALUES
('008ad7e03862e1629e6daae522b2c966', 'NjBkMmM1YjZiNzc3Zjk4ZjM4ZDg2NjlmNWQzMTM4ZjdiMWNmMWY4MDqAAn1xAShVEl9hdXRoX3Vz\nZXJfYmFja2VuZHECVSlkamFuZ28uY29udHJpYi5hdXRoLmJhY2tlbmRzLk1vZGVsQmFja2VuZHED\nVQ1fYXV0aF91c2VyX2lkcQSKAQF1Lg==\n', '2012-11-13 06:16:18'),
('06d2ada6d5dc0420b6c7a3065f5b1c75', 'ZWE2OWYzNmYwNjc2MjY0OGVmNjJjOTc4YzUwNjk0MTlmZGY5NWZjMDqAAn1xAVUKdGVzdGNvb2tp\nZXECVQZ3b3JrZWRxA3Mu\n', '2012-11-14 01:58:46'),
('b3c87ecbc2782d39f2d566fd13d49f9f', 'NjBkMmM1YjZiNzc3Zjk4ZjM4ZDg2NjlmNWQzMTM4ZjdiMWNmMWY4MDqAAn1xAShVEl9hdXRoX3Vz\nZXJfYmFja2VuZHECVSlkamFuZ28uY29udHJpYi5hdXRoLmJhY2tlbmRzLk1vZGVsQmFja2VuZHED\nVQ1fYXV0aF91c2VyX2lkcQSKAQF1Lg==\n', '2012-11-13 07:56:32'),
('410b45fe33d441e1967a8bea227a720f', 'ZWE2OWYzNmYwNjc2MjY0OGVmNjJjOTc4YzUwNjk0MTlmZGY5NWZjMDqAAn1xAVUKdGVzdGNvb2tp\nZXECVQZ3b3JrZWRxA3Mu\n', '2012-11-14 01:58:48'),
('314bda20732bf0bb56151571c819db61', 'ZWE2OWYzNmYwNjc2MjY0OGVmNjJjOTc4YzUwNjk0MTlmZGY5NWZjMDqAAn1xAVUKdGVzdGNvb2tp\nZXECVQZ3b3JrZWRxA3Mu\n', '2012-11-14 01:58:49'),
('454f6334a73fea0d5788b3bad6d58b8a', 'ZWE2OWYzNmYwNjc2MjY0OGVmNjJjOTc4YzUwNjk0MTlmZGY5NWZjMDqAAn1xAVUKdGVzdGNvb2tp\nZXECVQZ3b3JrZWRxA3Mu\n', '2012-11-14 01:58:50'),
('5b2f4a831f481b5fa26474a0f3e25ac5', 'ZWE2OWYzNmYwNjc2MjY0OGVmNjJjOTc4YzUwNjk0MTlmZGY5NWZjMDqAAn1xAVUKdGVzdGNvb2tp\nZXECVQZ3b3JrZWRxA3Mu\n', '2012-11-14 01:58:51'),
('87aff8f07792b206b99ebe92821700e8', 'ZWE2OWYzNmYwNjc2MjY0OGVmNjJjOTc4YzUwNjk0MTlmZGY5NWZjMDqAAn1xAVUKdGVzdGNvb2tp\nZXECVQZ3b3JrZWRxA3Mu\n', '2012-11-14 01:58:51'),
('912a49c543d76ba48650386b2c17f7b5', 'ZWE2OWYzNmYwNjc2MjY0OGVmNjJjOTc4YzUwNjk0MTlmZGY5NWZjMDqAAn1xAVUKdGVzdGNvb2tp\nZXECVQZ3b3JrZWRxA3Mu\n', '2012-11-14 01:58:52'),
('752957b0702ce16986ffadd7332caef2', 'ZWE2OWYzNmYwNjc2MjY0OGVmNjJjOTc4YzUwNjk0MTlmZGY5NWZjMDqAAn1xAVUKdGVzdGNvb2tp\nZXECVQZ3b3JrZWRxA3Mu\n', '2012-11-14 01:58:53'),
('aa9fb069f2800565f7e0998ab4e380df', 'ZWE2OWYzNmYwNjc2MjY0OGVmNjJjOTc4YzUwNjk0MTlmZGY5NWZjMDqAAn1xAVUKdGVzdGNvb2tp\nZXECVQZ3b3JrZWRxA3Mu\n', '2012-11-14 01:58:54'),
('b64e0a0614bd6fd61b6b777d6e773e98', 'ZWE2OWYzNmYwNjc2MjY0OGVmNjJjOTc4YzUwNjk0MTlmZGY5NWZjMDqAAn1xAVUKdGVzdGNvb2tp\nZXECVQZ3b3JrZWRxA3Mu\n', '2012-11-14 01:58:54'),
('5a1f7dd0a06f1a8bc211086f7e301920', 'ZWE2OWYzNmYwNjc2MjY0OGVmNjJjOTc4YzUwNjk0MTlmZGY5NWZjMDqAAn1xAVUKdGVzdGNvb2tp\nZXECVQZ3b3JrZWRxA3Mu\n', '2012-11-14 01:59:33'),
('ac3ad8cfe330726bc8e8e2d3def571cb', 'ZWE2OWYzNmYwNjc2MjY0OGVmNjJjOTc4YzUwNjk0MTlmZGY5NWZjMDqAAn1xAVUKdGVzdGNvb2tp\nZXECVQZ3b3JrZWRxA3Mu\n', '2012-11-14 01:59:33'),
('4c313aac8989ddd596999673f1a43e6f', 'ZWE2OWYzNmYwNjc2MjY0OGVmNjJjOTc4YzUwNjk0MTlmZGY5NWZjMDqAAn1xAVUKdGVzdGNvb2tp\nZXECVQZ3b3JrZWRxA3Mu\n', '2012-11-14 01:59:34'),
('118233d5be7f4063fcc98cad822b52af', 'ZWE2OWYzNmYwNjc2MjY0OGVmNjJjOTc4YzUwNjk0MTlmZGY5NWZjMDqAAn1xAVUKdGVzdGNvb2tp\nZXECVQZ3b3JrZWRxA3Mu\n', '2012-11-14 01:59:35'),
('e6e018f3fc08914fab634fff165563b6', 'ZWE2OWYzNmYwNjc2MjY0OGVmNjJjOTc4YzUwNjk0MTlmZGY5NWZjMDqAAn1xAVUKdGVzdGNvb2tp\nZXECVQZ3b3JrZWRxA3Mu\n', '2012-11-14 01:59:35'),
('6b5f51469ffa3156dc1829b2bf3fb49b', 'ZWE2OWYzNmYwNjc2MjY0OGVmNjJjOTc4YzUwNjk0MTlmZGY5NWZjMDqAAn1xAVUKdGVzdGNvb2tp\nZXECVQZ3b3JrZWRxA3Mu\n', '2012-11-14 01:59:36'),
('e429be9a654e6aeabe767b36c8528de5', 'ZWE2OWYzNmYwNjc2MjY0OGVmNjJjOTc4YzUwNjk0MTlmZGY5NWZjMDqAAn1xAVUKdGVzdGNvb2tp\nZXECVQZ3b3JrZWRxA3Mu\n', '2012-11-14 01:59:36'),
('0719c46deecbdacdcd7ba9859c648f3d', 'ZWE2OWYzNmYwNjc2MjY0OGVmNjJjOTc4YzUwNjk0MTlmZGY5NWZjMDqAAn1xAVUKdGVzdGNvb2tp\nZXECVQZ3b3JrZWRxA3Mu\n', '2012-11-14 01:59:36'),
('b9563822341436355e372e75286677dc', 'ZWE2OWYzNmYwNjc2MjY0OGVmNjJjOTc4YzUwNjk0MTlmZGY5NWZjMDqAAn1xAVUKdGVzdGNvb2tp\nZXECVQZ3b3JrZWRxA3Mu\n', '2012-11-14 01:59:37'),
('ee3837677cfe9bcdf7d3520f06717c53', 'ZWE2OWYzNmYwNjc2MjY0OGVmNjJjOTc4YzUwNjk0MTlmZGY5NWZjMDqAAn1xAVUKdGVzdGNvb2tp\nZXECVQZ3b3JrZWRxA3Mu\n', '2012-11-14 01:59:37'),
('c79e79a0a7c2ddd91eaec21120044fa4', 'ZWE2OWYzNmYwNjc2MjY0OGVmNjJjOTc4YzUwNjk0MTlmZGY5NWZjMDqAAn1xAVUKdGVzdGNvb2tp\nZXECVQZ3b3JrZWRxA3Mu\n', '2012-11-14 01:59:37'),
('16e0a5777a3ee20e3c11ad02760569b1', 'ZWE2OWYzNmYwNjc2MjY0OGVmNjJjOTc4YzUwNjk0MTlmZGY5NWZjMDqAAn1xAVUKdGVzdGNvb2tp\nZXECVQZ3b3JrZWRxA3Mu\n', '2012-11-14 01:59:37'),
('4ebbd66c3f3a5e85ac3188524fdc555c', 'ZWE2OWYzNmYwNjc2MjY0OGVmNjJjOTc4YzUwNjk0MTlmZGY5NWZjMDqAAn1xAVUKdGVzdGNvb2tp\nZXECVQZ3b3JrZWRxA3Mu\n', '2012-11-14 02:00:07'),
('3a45a6128f11119ef31417ea806cb075', 'NjBkMmM1YjZiNzc3Zjk4ZjM4ZDg2NjlmNWQzMTM4ZjdiMWNmMWY4MDqAAn1xAShVEl9hdXRoX3Vz\nZXJfYmFja2VuZHECVSlkamFuZ28uY29udHJpYi5hdXRoLmJhY2tlbmRzLk1vZGVsQmFja2VuZHED\nVQ1fYXV0aF91c2VyX2lkcQSKAQF1Lg==\n', '2012-11-14 07:25:52'),
('4268b618f958a05f61931dd6eab3f098', 'gAJ9cQFVCnRlc3Rjb29raWVxAlUGd29ya2VkcQNzLjhhNjFmYjExYjZmNjY3ZmI0NWI0NjU4Y2E0\nZGE3YzJi\n', '2012-11-14 15:38:47'),
('4d50416d7e4b8f7f20e242182ae8fdb8', 'gAJ9cQFVCnRlc3Rjb29raWVxAlUGd29ya2VkcQNzLjhhNjFmYjExYjZmNjY3ZmI0NWI0NjU4Y2E0\nZGE3YzJi\n', '2012-11-14 15:38:49'),
('39a905326781e4eff970e7ae342407f8', 'gAJ9cQFVCnRlc3Rjb29raWVxAlUGd29ya2VkcQNzLjhhNjFmYjExYjZmNjY3ZmI0NWI0NjU4Y2E0\nZGE3YzJi\n', '2012-11-14 15:38:52'),
('b8c5e961917f2c3467a13f6324ff205e', 'ZDhlNDYyZDBiMzgwZGU3NjljMzhjZGQ0YTMzOGZjMDc4YzNkYjZmNjqAAn1xAVUKdGVzdGNvb2tp\nZXECVQZ3b3JrZWRxA3Mu\n', '2014-03-20 16:38:08'),
('500c0e220f1270074d693bc67fe12563', 'Nzg4MzZkZWJlNTgzODJmMjQwMzQxZjRkYzZlMmM0NWNkZDkyYjFhYTqAAn1xAShVEl9hdXRoX3Vz\nZXJfYmFja2VuZHECVSlkamFuZ28uY29udHJpYi5hdXRoLmJhY2tlbmRzLk1vZGVsQmFja2VuZHED\nVQ1fYXV0aF91c2VyX2lkcQSKAQJ1Lg==\n', '2014-02-23 16:02:47');

-- --------------------------------------------------------

--
-- 表的结构 `django_site`
--

CREATE TABLE IF NOT EXISTS `django_site` (
  `id` int(11) NOT NULL AUTO_INCREMENT,
  `domain` varchar(100) NOT NULL,
  `name` varchar(50) NOT NULL,
  PRIMARY KEY (`id`)
) ENGINE=MyISAM  DEFAULT CHARSET=latin1 AUTO_INCREMENT=2 ;

--
-- 转存表中的数据 `django_site`
--

INSERT INTO `django_site` (`id`, `domain`, `name`) VALUES
(1, 'example.com', 'example.com');

-- --------------------------------------------------------

--
-- 表的结构 `musicrec_song`
--

CREATE TABLE IF NOT EXISTS `musicrec_song` (
  `id` int(10) unsigned zerofill NOT NULL AUTO_INCREMENT COMMENT '歌曲id',
  `title` varchar(100) CHARACTER SET utf8 COLLATE utf8_unicode_ci NOT NULL,
  `singer` varchar(100) CHARACTER SET utf8 COLLATE utf8_unicode_ci NOT NULL,
  `lyrics` varchar(1000) CHARACTER SET utf8 COLLATE utf8_unicode_ci NOT NULL,
  `time` timestamp NOT NULL DEFAULT CURRENT_TIMESTAMP ON UPDATE CURRENT_TIMESTAMP,
  `path` varchar(1000) CHARACTER SET utf8 COLLATE utf8_unicode_ci NOT NULL COMMENT 'mp3文件路径',
  PRIMARY KEY (`id`)
) ENGINE=MyISAM  DEFAULT CHARSET=utf8 COLLATE=utf8_bin AUTO_INCREMENT=968 ;

--
-- 转存表中的数据 `musicrec_song`
--

INSERT INTO `musicrec_song` (`id`, `title`, `singer`, `lyrics`, `time`, `path`) VALUES
(0000000967, '﻿(Everything I Do) I Do It For You', 'Bryan Adams', '(Everything I Do) I Do It For You - Bryan Adams.lrc', '2014-02-09 00:46:36', '(Everything I Do) I Do It For You - Bryan Adams.mp3'),
(0000000001, '1234', 'Feist', '1234 - Feist.lrc', '2014-02-09 00:46:36', '1234 - Feist.mp3'),
(0000000002, '1874', '陈奕迅', '1874 - 陈奕迅.lrc', '2014-02-09 00:46:36', '1874 - 陈奕迅.mp3'),
(0000000003, '281公里', '谢霆锋', '281公里 - 谢霆锋.lrc', '2014-02-09 00:46:36', '281公里 - 谢霆锋.mp3'),
(0000000004, 'Alwaysonline', '林俊杰', 'Alwaysonline - 林俊杰.lrc', '2014-02-09 00:46:36', 'Alwaysonline - 林俊杰.mp3'),
(0000000005, 'Angel', '陶喆', 'Angel - 陶喆.lrc', '2014-02-09 00:46:36', 'Angel - 陶喆.mp3'),
(0000000006, 'Anything But Ordinary', 'Avril Lavigne', 'Anything But Ordinary - Avril Lavigne.lrc', '2014-02-09 00:46:36', 'Anything But Ordinary - Avril Lavigne.mp3'),
(0000000007, 'Axel F', 'Crazy Frog', 'Axel F - Crazy Frog.lrc', '2014-02-09 00:46:36', 'Axel F - Crazy Frog.mp3'),
(0000000008, 'Beat It', 'Michael Jackson', 'Beat It - Michael Jackson.lrc', '2014-02-09 00:46:36', 'Beat It - Michael Jackson.mp3'),
(0000000009, 'Beautiful Day', 'U2', 'Beautiful Day - U2.lrc', '2014-02-09 00:46:36', 'Beautiful Day - U2.mp3'),
(0000000010, 'Beautiful Ones', 'Suede', 'Beautiful Ones - Suede.lrc', '2014-02-09 00:46:36', 'Beautiful Ones - Suede.mp3'),
(0000000011, 'Better Man', 'Robbie Williams', 'Better Man - Robbie Williams.lrc', '2014-02-09 00:46:36', 'Better Man - Robbie Williams.mp3'),
(0000000012, 'Better Together', 'Jack Johnson', 'Better Together - Jack Johnson.lrc', '2014-02-09 00:46:36', 'Better Together - Jack Johnson.mp3'),
(0000000013, 'Big Big World', 'Emilia', 'Big Big World - Emilia.lrc', '2014-02-09 00:46:36', 'Big Big World - Emilia.mp3'),
(0000000014, 'Billie Jean', 'Michael Jackson', 'Billie Jean - Michael Jackson.lrc', '2014-02-09 00:46:36', 'Billie Jean - Michael Jackson.mp3'),
(0000000015, 'Black Or White', 'Michael Jackson', 'Black Or White - Michael Jackson.lrc', '2014-02-09 00:46:36', 'Black Or White - Michael Jackson.mp3'),
(0000000016, 'Can You Feel The Love Tonight', 'Elton John', 'Can You Feel The Love Tonight - Elton John.lrc', '2014-02-09 00:46:36', 'Can You Feel The Love Tonight - Elton John.mp3'),
(0000000017, 'Cappuccino', '萧亚轩', 'Cappuccino - 萧亚轩.lrc', '2014-02-09 00:46:36', 'Cappuccino - 萧亚轩.mp3'),
(0000000018, 'China Roses', 'Enya', 'China Roses - Enya.lrc', '2014-02-09 00:46:36', 'China Roses - Enya.mp3'),
(0000000019, 'Civil War', 'Guns N'' Roses', 'Civil War - Guns N'' Roses.lrc', '2014-02-09 00:46:36', 'Civil War - Guns N'' Roses.mp3'),
(0000000020, 'Close To You', 'Carpenters', 'Close To You - Carpenters.lrc', '2014-02-09 00:46:36', 'Close To You - Carpenters.mp3'),
(0000000021, 'Colorful Days', '朴树', 'Colorful Days - 朴树.lrc', '2014-02-09 00:46:36', 'Colorful Days - 朴树.mp3'),
(0000000022, 'Complicated', 'Avril Lavigne', 'Complicated - Avril Lavigne.lrc', '2014-02-09 00:46:36', 'Complicated - Avril Lavigne.mp3'),
(0000000023, 'C大调', '张韶涵', 'C大调 - 张韶涵.lrc', '2014-02-09 00:46:36', 'C大调 - 张韶涵.mp3'),
(0000000024, 'Darling', '范晓萱', 'Darling - 范晓萱.lrc', '2014-02-09 00:46:36', 'Darling - 范晓萱.mp3'),
(0000000025, 'Dirty Diana', 'Michael Jackson', 'Dirty Diana - Michael Jackson.lrc', '2014-02-09 00:46:36', 'Dirty Diana - Michael Jackson.mp3'),
(0000000026, 'Don T Break My Heart', '黑豹乐队', 'Don T Break My Heart - 黑豹乐队.lrc', '2014-02-09 00:46:36', 'Don T Break My Heart - 黑豹乐队.mp3'),
(0000000027, 'Don''T Cry', 'Guns N'' Roses', 'Don''T Cry - Guns N'' Roses.lrc', '2014-02-09 00:46:36', 'Don''T Cry - Guns N'' Roses.mp3'),
(0000000028, 'Dreams', 'The Cranberries', 'Dreams - The Cranberries.lrc', '2014-02-09 00:46:36', 'Dreams - The Cranberries.mp3'),
(0000000029, 'E-Lover', '孙燕姿', 'E-Lover - 孙燕姿.lrc', '2014-02-09 00:46:36', 'E-Lover - 孙燕姿.mp3'),
(0000000030, 'Earth Song', 'Michael Jackson', 'Earth Song - Michael Jackson.lrc', '2014-02-09 00:46:36', 'Earth Song - Michael Jackson.mp3'),
(0000000031, 'Enter Sandman', 'Metallica', 'Enter Sandman - Metallica.lrc', '2014-02-09 00:46:36', 'Enter Sandman - Metallica.mp3'),
(0000000032, 'Eyes On Me', '王菲', 'Eyes On Me - 王菲.lrc', '2014-02-09 00:46:36', 'Eyes On Me - 王菲.mp3'),
(0000000033, 'Fade To Black', 'Metallica', 'Fade To Black - Metallica.lrc', '2014-02-09 00:46:36', 'Fade To Black - Metallica.mp3'),
(0000000034, 'First Love', '宇多田光', 'First Love - 宇多田光.lrc', '2014-02-09 00:46:36', 'First Love - 宇多田光.mp3'),
(0000000035, 'Fly Away', '梁静茹', 'Fly Away - 梁静茹.lrc', '2014-02-09 00:46:36', 'Fly Away - 梁静茹.mp3'),
(0000000036, 'Forever Love', '王力宏', 'Forever Love - 王力宏.lrc', '2014-02-09 00:46:36', 'Forever Love - 王力宏.mp3'),
(0000000037, 'Goodbye My Lover', 'James Blunt', 'Goodbye My Lover - James Blunt.lrc', '2014-02-09 00:46:36', 'Goodbye My Lover - James Blunt.mp3'),
(0000000038, 'Greatest Love Of All', 'Whitney Houston', 'Greatest Love Of All - Whitney Houston.lrc', '2014-02-09 00:46:36', 'Greatest Love Of All - Whitney Houston.mp3'),
(0000000039, 'G大调的悲伤', '张靓颖', 'G大调的悲伤 - 张靓颖.lrc', '2014-02-09 00:46:36', 'G大调的悲伤 - 张靓颖.mp3'),
(0000000040, 'Have A Nice Day', 'Fred Coury', 'Have A Nice Day - Fred Coury.lrc', '2014-02-09 00:46:36', 'Have A Nice Day - Fred Coury.mp3'),
(0000000041, 'Heal The World', 'Michael Jackson', 'Heal The World - Michael Jackson.lrc', '2014-02-09 00:46:36', 'Heal The World - Michael Jackson.mp3'),
(0000000042, 'Hero', 'Mariah Carey', 'Hero - Mariah Carey.lrc', '2014-02-09 00:46:36', 'Hero - Mariah Carey.mp3'),
(0000000043, 'Hey Jude', 'The Beatles', 'Hey Jude - The Beatles.lrc', '2014-02-09 00:46:36', 'Hey Jude - The Beatles.mp3'),
(0000000044, 'Honey Honey', '孙燕姿', 'Honey Honey - 孙燕姿.lrc', '2014-02-09 00:46:36', 'Honey Honey - 孙燕姿.mp3'),
(0000000045, 'Honey Honey Honey', '萧亚轩', 'Honey Honey Honey - 萧亚轩.lrc', '2014-02-09 00:46:36', 'Honey Honey Honey - 萧亚轩.mp3'),
(0000000046, 'Hotel California', 'Eagles', 'Hotel California - Eagles.lrc', '2014-02-09 00:46:36', 'Hotel California - Eagles.mp3'),
(0000000047, 'How Deep Is Your Love', 'Bee Gees', 'How Deep Is Your Love - Bee Gees.lrc', '2014-02-09 00:46:36', 'How Deep Is Your Love - Bee Gees.mp3'),
(0000000048, 'I Believe I Can Fly', 'R. Kelly', 'I Believe I Can Fly - R. Kelly.lrc', '2014-02-09 00:46:36', 'I Believe I Can Fly - R. Kelly.mp3'),
(0000000049, 'I Cry', '有里知花', 'I Cry - 有里知花.lrc', '2014-02-09 00:46:36', 'I Cry - 有里知花.mp3'),
(0000000050, 'I Hate Myself For Loving You', 'Joan Jett', 'I Hate Myself For Loving You - Joan Jett.lrc', '2014-02-09 00:46:36', 'I Hate Myself For Loving You - Joan Jett.mp3'),
(0000000051, 'I Just Can''T Stop Loving You', 'Michael Jackson', 'I Just Can''T Stop Loving You - Michael Jackson.lrc', '2014-02-09 00:46:36', 'I Just Can''T Stop Loving You - Michael Jackson.mp3'),
(0000000052, 'I Look To You', 'Whitney Houston', 'I Look To You - Whitney Houston.lrc', '2014-02-09 00:46:36', 'I Look To You - Whitney Houston.mp3'),
(0000000053, 'I Will Always Love You', 'Whitney Houston', 'I Will Always Love You - Whitney Houston.lrc', '2014-02-09 00:46:36', 'I Will Always Love You - Whitney Houston.mp3'),
(0000000054, 'I Will Come To You', 'Hanson', 'I Will Come To You - Hanson.lrc', '2014-02-09 00:46:36', 'I Will Come To You - Hanson.mp3'),
(0000000055, 'I''m With You', 'Avril Lavigne', 'I''m With You - Avril Lavigne.lrc', '2014-02-09 00:46:36', 'I''m With You - Avril Lavigne.mp3'),
(0000000056, 'Insomnia', 'Craig David', 'Insomnia - Craig David.lrc', '2014-02-09 00:46:36', 'Insomnia - Craig David.mp3'),
(0000000057, 'It''s My Life', 'Bon Jovi', 'It''s My Life - Bon Jovi.lrc', '2014-02-09 00:46:36', 'It''s My Life - Bon Jovi.mp3'),
(0000000058, 'Julia', '王力宏', 'Julia - 王力宏.lrc', '2014-02-09 00:46:36', 'Julia - 王力宏.mp3'),
(0000000059, 'Kiss Goodbye', '王力宏', 'Kiss Goodbye - 王力宏.lrc', '2014-02-09 00:46:36', 'Kiss Goodbye - 王力宏.mp3'),
(0000000060, 'Knockin'' On Heaven''S Door', 'Guns N'' Roses', 'Knockin'' On Heaven''S Door - Guns N'' Roses.lrc', '2014-02-09 00:46:36', 'Knockin'' On Heaven''S Door - Guns N'' Roses.mp3'),
(0000000061, 'Listen To Your Heart', 'Roxette', 'Listen To Your Heart - Roxette.lrc', '2014-02-09 00:46:36', 'Listen To Your Heart - Roxette.mp3'),
(0000000062, 'Livin'' On A Prayer', 'Bon Jovi', 'Livin'' On A Prayer - Bon Jovi.lrc', '2014-02-09 00:46:36', 'Livin'' On A Prayer - Bon Jovi.mp3'),
(0000000063, 'Lydia', '飞儿乐团', 'Lydia - 飞儿乐团.lrc', '2014-02-09 00:46:36', 'Lydia - 飞儿乐团.mp3'),
(0000000064, 'Makes Me Wonder', 'Maroon 5', 'Makes Me Wonder - Maroon 5.lrc', '2014-02-09 00:46:36', 'Makes Me Wonder - Maroon 5.mp3'),
(0000000065, 'Man In The Mirror', 'Michael Jackson', 'Man In The Mirror - Michael Jackson.lrc', '2014-02-09 00:46:36', 'Man In The Mirror - Michael Jackson.mp3'),
(0000000066, 'Melody', '陶喆', 'Melody - 陶喆.lrc', '2014-02-09 00:46:36', 'Melody - 陶喆.mp3'),
(0000000067, 'Mirror Mirror', 'M2M', 'Mirror Mirror - M2M.lrc', '2014-02-09 00:46:36', 'Mirror Mirror - M2M.mp3'),
(0000000068, 'Missing You Now', 'Michael Bolton', 'Missing You Now - Michael Bolton.lrc', '2014-02-09 00:46:36', 'Missing You Now - Michael Bolton.mp3'),
(0000000069, 'More Than Words', 'Extreme', 'More Than Words - Extreme.lrc', '2014-02-09 00:46:36', 'More Than Words - Extreme.mp3'),
(0000000070, 'My Happy Ending', 'Avril Lavigne', 'My Happy Ending - Avril Lavigne.lrc', '2014-02-09 00:46:36', 'My Happy Ending - Avril Lavigne.mp3'),
(0000000071, 'My Heart Will Go On', 'Celine Dion', 'My Heart Will Go On - Celine Dion.lrc', '2014-02-09 00:46:36', 'My Heart Will Go On - Celine Dion.mp3'),
(0000000072, 'My Love', 'Westlife', 'My Love - Westlife.lrc', '2014-02-09 00:46:36', 'My Love - Westlife.mp3'),
(0000000073, 'Never Say Goodbye', 'Bon Jovi', 'Never Say Goodbye - Bon Jovi.lrc', '2014-02-09 00:46:36', 'Never Say Goodbye - Bon Jovi.mp3'),
(0000000074, 'New Boy', '朴树', 'New Boy - 朴树.lrc', '2014-02-09 00:46:36', 'New Boy - 朴树.mp3'),
(0000000075, 'Nobody''S Home', 'Avril Lavigne', 'Nobody''S Home - Avril Lavigne.lrc', '2014-02-09 00:46:36', 'Nobody''S Home - Avril Lavigne.mp3'),
(0000000076, 'Nothing Else Matters', 'Metallica', 'Nothing Else Matters - Metallica.lrc', '2014-02-09 00:46:36', 'Nothing Else Matters - Metallica.mp3'),
(0000000077, 'November Rain', 'Guns N'' Roses', 'November Rain - Guns N'' Roses.lrc', '2014-02-09 00:46:36', 'November Rain - Guns N'' Roses.mp3'),
(0000000078, 'Numb', 'Linkin Park', 'Numb - Linkin Park.lrc', '2014-02-09 00:46:36', 'Numb - Linkin Park.mp3'),
(0000000079, 'Only Time', 'Enya', 'Only Time - Enya.lrc', '2014-02-09 00:46:36', 'Only Time - Enya.mp3'),
(0000000080, 'Orinoco Flow', 'Enya', 'Orinoco Flow - Enya.lrc', '2014-02-09 00:46:36', 'Orinoco Flow - Enya.mp3'),
(0000000081, 'Over The Rainbow', '张韶涵', 'Over The Rainbow - 张韶涵.lrc', '2014-02-09 00:46:36', 'Over The Rainbow - 张韶涵.mp3'),
(0000000082, 'Pretty Boy (Lp Version)', 'M2M', 'Pretty Boy (Lp Version) - M2M.lrc', '2014-02-09 00:46:36', 'Pretty Boy (Lp Version) - M2M.mp3'),
(0000000083, 'Reflection', 'Christina Aguilera', 'Reflection - Christina Aguilera.lrc', '2014-02-09 00:46:36', 'Reflection - Christina Aguilera.mp3'),
(0000000084, 'Remember The Time', 'Michael Jackson', 'Remember The Time - Michael Jackson.lrc', '2014-02-09 00:46:36', 'Remember The Time - Michael Jackson.mp3'),
(0000000085, 'Right Here Waiting', 'Richard Marx', 'Right Here Waiting - Richard Marx.lrc', '2014-02-09 00:46:36', 'Right Here Waiting - Richard Marx.mp3'),
(0000000086, 'Rock With You', 'Michael Jackson', 'Rock With You - Michael Jackson.lrc', '2014-02-09 00:46:36', 'Rock With You - Michael Jackson.mp3'),
(0000000087, 'Shape Of My Heart', 'Sting', 'Shape Of My Heart - Sting.lrc', '2014-02-09 00:46:36', 'Shape Of My Heart - Sting.mp3'),
(0000000088, 'She''S A Rainbow', 'The Rolling Stones', 'She''S A Rainbow - The Rolling Stones.lrc', '2014-02-09 00:46:36', 'She''S A Rainbow - The Rolling Stones.mp3'),
(0000000089, 'She''S The One', 'Robbie Williams', 'She''S The One - Robbie Williams.lrc', '2014-02-09 00:46:36', 'She''S The One - Robbie Williams.mp3'),
(0000000090, 'Silent All These Years', 'Tori Amos', 'Silent All These Years - Tori Amos.lrc', '2014-02-09 00:46:36', 'Silent All These Years - Tori Amos.mp3'),
(0000000091, 'Smooth Criminal', 'Michael Jackson', 'Smooth Criminal - Michael Jackson.lrc', '2014-02-09 00:46:36', 'Smooth Criminal - Michael Jackson.mp3'),
(0000000092, 'Songbird', 'Kenny G', 'Songbird - Kenny G.lrc', '2014-02-09 00:46:36', 'Songbird - Kenny G.mp3'),
(0000000093, 'Speed Of Sound', 'Coldplay', 'Speed Of Sound - Coldplay.lrc', '2014-02-09 00:46:36', 'Speed Of Sound - Coldplay.mp3'),
(0000000094, 'Stairway To Heaven', 'Led Zeppelin', 'Stairway To Heaven - Led Zeppelin.lrc', '2014-02-09 00:46:36', 'Stairway To Heaven - Led Zeppelin.mp3'),
(0000000095, 'Stranger In Moscow', 'Michael Jackson', 'Stranger In Moscow - Michael Jackson.lrc', '2014-02-09 00:46:36', 'Stranger In Moscow - Michael Jackson.mp3'),
(0000000096, 'Susan说', '陶喆', 'Susan说 - 陶喆.lrc', '2014-02-09 00:46:36', 'Susan说 - 陶喆.mp3'),
(0000000097, 'Sweet Child O'' Mine', 'Guns N'' Roses', 'Sweet Child O'' Mine - Guns N'' Roses.lrc', '2014-02-09 00:46:36', 'Sweet Child O'' Mine - Guns N'' Roses.mp3'),
(0000000098, 'Thank You', 'Dido', 'Thank You - Dido.lrc', '2014-02-09 00:46:36', 'Thank You - Dido.mp3'),
(0000000099, 'The Hell Song', 'Sum 41', 'The Hell Song - Sum 41.lrc', '2014-02-09 00:46:36', 'The Hell Song - Sum 41.mp3'),
(0000000100, 'The One You Love', 'Glenn Frey', 'The One You Love - Glenn Frey.lrc', '2014-02-09 00:46:36', 'The One You Love - Glenn Frey.mp3'),
(0000000101, 'The Technicolor Phase', 'Owl City', 'The Technicolor Phase - Owl City.lrc', '2014-02-09 00:46:36', 'The Technicolor Phase - Owl City.mp3'),
(0000000102, 'The Unforgiven', 'Metallica', 'The Unforgiven - Metallica.lrc', '2014-02-09 00:46:36', 'The Unforgiven - Metallica.mp3'),
(0000000103, 'They Don''T Care About Us', 'Michael Jackson', 'They Don''T Care About Us - Michael Jackson.lrc', '2014-02-09 00:46:36', 'They Don''T Care About Us - Michael Jackson.mp3'),
(0000000104, 'Thriller', 'Michael Jackson', 'Thriller - Michael Jackson.lrc', '2014-02-09 00:46:36', 'Thriller - Michael Jackson.mp3'),
(0000000105, 'To Be With You', 'Mr. Big', 'To Be With You - Mr. Big.lrc', '2014-02-09 00:46:36', 'To Be With You - Mr. Big.mp3'),
(0000000106, 'Tomorrow', 'Avril Lavigne', 'Tomorrow - Avril Lavigne.lrc', '2014-02-09 00:46:36', 'Tomorrow - Avril Lavigne.mp3'),
(0000000107, 'Tonight, I Feel Close To You', '孙燕姿,仓木麻衣', 'Tonight, I Feel Close To You - 孙燕姿,仓木麻衣.lrc', '2014-02-09 00:46:36', 'Tonight, I Feel Close To You - 孙燕姿,仓木麻衣.mp3'),
(0000000108, 'True Love', '蔡健雅', 'True Love - 蔡健雅.lrc', '2014-02-09 00:46:36', 'True Love - 蔡健雅.mp3'),
(0000000109, 'Uptown Girl', 'Westlife', 'Uptown Girl - Westlife.lrc', '2014-02-09 00:46:36', 'Uptown Girl - Westlife.mp3'),
(0000000110, 'Vertigo', 'U2', 'Vertigo - U2.lrc', '2014-02-09 00:46:36', 'Vertigo - U2.mp3'),
(0000000111, 'Wake Me Up When September Ends', 'Green Day', 'Wake Me Up When September Ends - Green Day.lrc', '2014-02-09 00:46:36', 'Wake Me Up When September Ends - Green Day.mp3'),
(0000000112, 'Wannabe (Radio Edit)', 'Spice Girls', 'Wannabe (Radio Edit) - Spice Girls.lrc', '2014-02-09 00:46:36', 'Wannabe (Radio Edit) - Spice Girls.mp3'),
(0000000113, 'We Are The Future', 'H.O.T.', 'We Are The Future - H.O.T..lrc', '2014-02-09 00:46:36', 'We Are The Future - H.O.T..mp3'),
(0000000114, 'We Are The World', 'Michael Jackson', 'We Are The World - Michael Jackson.lrc', '2014-02-09 00:46:36', 'We Are The World - Michael Jackson.mp3'),
(0000000115, 'We Belong Together', 'Mariah Carey', 'We Belong Together - Mariah Carey.lrc', '2014-02-09 00:46:36', 'We Belong Together - Mariah Carey.mp3'),
(0000000116, 'When A Man Loves A Woman', 'Michael Bolton', 'When A Man Loves A Woman - Michael Bolton.lrc', '2014-02-09 00:46:36', 'When A Man Loves A Woman - Michael Bolton.mp3'),
(0000000117, 'When You Say Nothing At All', 'Boyzone', 'When You Say Nothing At All - Boyzone.lrc', '2014-02-09 00:46:36', 'When You Say Nothing At All - Boyzone.mp3'),
(0000000118, 'Who Is It', 'Michael Jackson', 'Who Is It - Michael Jackson.lrc', '2014-02-09 00:46:36', 'Who Is It - Michael Jackson.mp3'),
(0000000119, 'Wild Child', 'Enya', 'Wild Child - Enya.lrc', '2014-02-09 00:46:36', 'Wild Child - Enya.mp3'),
(0000000120, 'With Or Without You', 'U2', 'With Or Without You - U2.lrc', '2014-02-09 00:46:36', 'With Or Without You - U2.mp3'),
(0000000121, 'Wonderwall', 'Oasis', 'Wonderwall - Oasis.lrc', '2014-02-09 00:46:36', 'Wonderwall - Oasis.mp3'),
(0000000122, 'Yellow', 'Coldplay', 'Yellow - Coldplay.lrc', '2014-02-09 00:46:36', 'Yellow - Coldplay.mp3'),
(0000000123, 'You Are Not Alone', 'Michael Jackson', 'You Are Not Alone - Michael Jackson.lrc', '2014-02-09 00:46:36', 'You Are Not Alone - Michael Jackson.mp3'),
(0000000124, 'You Give Love A Bad Name', 'Bon Jovi', 'You Give Love A Bad Name - Bon Jovi.lrc', '2014-02-09 00:46:36', 'You Give Love A Bad Name - Bon Jovi.mp3'),
(0000000125, 'You''Re Beautiful', 'James Blunt', 'You''Re Beautiful - James Blunt.lrc', '2014-02-09 00:46:36', 'You''Re Beautiful - James Blunt.mp3'),
(0000000126, '一个人', '任贤齐', '一个人 - 任贤齐.lrc', '2014-02-09 00:46:36', '一个人 - 任贤齐.mp3'),
(0000000127, '一个人住', '阿杜', '一个人住 - 阿杜.lrc', '2014-02-09 00:46:36', '一个人住 - 阿杜.mp3'),
(0000000128, '一个人去旅行', '陈升', '一个人去旅行 - 陈升.lrc', '2014-02-09 00:46:36', '一个人去旅行 - 陈升.mp3'),
(0000000129, '一个人的冬天', '陈楚生', '一个人的冬天 - 陈楚生.lrc', '2014-02-09 00:46:36', '一个人的冬天 - 陈楚生.mp3'),
(0000000130, '一个人的精彩', '萧亚轩', '一个人的精彩 - 萧亚轩.lrc', '2014-02-09 00:46:36', '一个人的精彩 - 萧亚轩.mp3'),
(0000000131, '一个像夏天一个像秋天', '范玮琪', '一个像夏天一个像秋天 - 范玮琪.lrc', '2014-02-09 00:46:36', '一个像夏天一个像秋天 - 范玮琪.mp3'),
(0000000132, '一千年以后', '林俊杰', '一千年以后 - 林俊杰.lrc', '2014-02-09 00:46:36', '一千年以后 - 林俊杰.mp3'),
(0000000133, '一千零一夜', '邰正宵', '一千零一夜 - 邰正宵.lrc', '2014-02-09 00:46:36', '一千零一夜 - 邰正宵.mp3'),
(0000000134, '一场游戏一场梦', '齐秦', '一场游戏一场梦 - 齐秦.lrc', '2014-02-09 00:46:36', '一场游戏一场梦 - 齐秦.mp3'),
(0000000135, '一天一天等下去', '吴奇隆', '一天一天等下去 - 吴奇隆.lrc', '2014-02-09 00:46:36', '一天一天等下去 - 吴奇隆.mp3'),
(0000000136, '一封家书', '李春波', '一封家书 - 李春波.lrc', '2014-02-09 00:46:36', '一封家书 - 李春波.mp3'),
(0000000137, '一往情深的恋人', '李健', '一往情深的恋人 - 李健.lrc', '2014-02-09 00:46:36', '一往情深的恋人 - 李健.mp3'),
(0000000138, '一样的夏天', '孙燕姿', '一样的夏天 - 孙燕姿.lrc', '2014-02-09 00:46:36', '一样的夏天 - 孙燕姿.mp3'),
(0000000139, '一样的月光', '苏芮', '一样的月光 - 苏芮.lrc', '2014-02-09 00:46:36', '一样的月光 - 苏芮.mp3'),
(0000000140, '一比一', '范玮琪', '一比一 - 范玮琪.lrc', '2014-02-09 00:46:36', '一比一 - 范玮琪.mp3'),
(0000000141, '一片艳阳天', '杨钰莹', '一片艳阳天 - 杨钰莹.lrc', '2014-02-09 00:46:36', '一片艳阳天 - 杨钰莹.mp3'),
(0000000142, '一生不可自决', '陈百强', '一生不可自决 - 陈百强.lrc', '2014-02-09 00:46:36', '一生不可自决 - 陈百强.mp3'),
(0000000143, '一直很安静', '阿桑', '一直很安静 - 阿桑.lrc', '2014-02-09 00:46:36', '一直很安静 - 阿桑.mp3'),
(0000000144, '一起走到', '孙燕姿', '一起走到 - 孙燕姿.lrc', '2014-02-09 00:46:36', '一起走到 - 孙燕姿.mp3'),
(0000000145, '一路向北', '周杰伦', '一路向北 - 周杰伦.lrc', '2014-02-09 00:46:36', '一路向北 - 周杰伦.mp3'),
(0000000146, '一颗苹果', '五月天', '一颗苹果 - 五月天.lrc', '2014-02-09 00:46:36', '一颗苹果 - 五月天.mp3'),
(0000000147, '一首简单的歌', '王力宏', '一首简单的歌 - 王力宏.lrc', '2014-02-09 00:46:36', '一首简单的歌 - 王力宏.mp3'),
(0000000148, '丁香花', '韩宝仪', '丁香花 - 韩宝仪.lrc', '2014-02-09 00:46:36', '丁香花 - 韩宝仪.mp3'),
(0000000149, '七月七日晴', '许慧欣', '七月七日晴 - 许慧欣.lrc', '2014-02-09 00:46:36', '七月七日晴 - 许慧欣.mp3'),
(0000000150, '七里香', '周杰伦', '七里香 - 周杰伦.lrc', '2014-02-09 00:46:36', '七里香 - 周杰伦.mp3'),
(0000000151, '三年二班', '周杰伦', '三年二班 - 周杰伦.lrc', '2014-02-09 00:46:36', '三年二班 - 周杰伦.mp3'),
(0000000152, '三百六十五个祝福', '蔡国庆', '三百六十五个祝福 - 蔡国庆.lrc', '2014-02-09 00:46:36', '三百六十五个祝福 - 蔡国庆.mp3'),
(0000000153, '上弦月', '许志安', '上弦月 - 许志安.lrc', '2014-02-09 00:46:36', '上弦月 - 许志安.mp3'),
(0000000154, '上海一九四三', '周杰伦', '上海一九四三 - 周杰伦.lrc', '2014-02-09 00:46:36', '上海一九四三 - 周杰伦.mp3'),
(0000000155, '下一个自己', '张杰', '下一个自己 - 张杰.lrc', '2014-02-09 00:46:36', '下一个自己 - 张杰.mp3'),
(0000000156, '下一次爱情来的时候', '蔡健雅', '下一次爱情来的时候 - 蔡健雅.lrc', '2014-02-09 00:46:36', '下一次爱情来的时候 - 蔡健雅.mp3'),
(0000000157, '下午三点', '陈绮贞', '下午三点 - 陈绮贞.lrc', '2014-02-09 00:46:36', '下午三点 - 陈绮贞.mp3'),
(0000000158, '下辈子如果我还记得你', '马郁', '下辈子如果我还记得你 - 马郁.lrc', '2014-02-09 00:46:36', '下辈子如果我还记得你 - 马郁.mp3'),
(0000000159, '不再让你孤单', '陈升', '不再让你孤单 - 陈升.lrc', '2014-02-09 00:46:36', '不再让你孤单 - 陈升.mp3'),
(0000000160, '不可能错过你', '王力宏', '不可能错过你 - 王力宏.lrc', '2014-02-09 00:46:36', '不可能错过你 - 王力宏.mp3'),
(0000000161, '不如跳舞', '陈慧琳', '不如跳舞 - 陈慧琳.lrc', '2014-02-09 00:46:36', '不如跳舞 - 陈慧琳.mp3'),
(0000000162, '不如这样', '陈奕迅', '不如这样 - 陈奕迅.lrc', '2014-02-09 00:46:36', '不如这样 - 陈奕迅.mp3'),
(0000000163, '不完整的旋律', '王力宏', '不完整的旋律 - 王力宏.lrc', '2014-02-09 00:46:36', '不完整的旋律 - 王力宏.mp3'),
(0000000164, '不怕不怕', '郭美美', '不怕不怕 - 郭美美.lrc', '2014-02-09 00:46:36', '不怕不怕 - 郭美美.mp3'),
(0000000165, '不想懂得', '张韶涵', '不想懂得 - 张韶涵.lrc', '2014-02-09 00:46:36', '不想懂得 - 张韶涵.mp3'),
(0000000166, '不想骗自己', '陈琳', '不想骗自己 - 陈琳.lrc', '2014-02-09 00:46:36', '不想骗自己 - 陈琳.mp3'),
(0000000167, '不懂', '林俊杰', '不懂 - 林俊杰.lrc', '2014-02-09 00:46:36', '不懂 - 林俊杰.mp3'),
(0000000168, '不是每个恋曲都有美好回忆', '林志颖', '不是每个恋曲都有美好回忆 - 林志颖.lrc', '2014-02-09 00:46:36', '不是每个恋曲都有美好回忆 - 林志颖.mp3'),
(0000000169, '不是真的爱我', '孙燕姿', '不是真的爱我 - 孙燕姿.lrc', '2014-02-09 00:46:36', '不是真的爱我 - 孙燕姿.mp3'),
(0000000170, '不流泪的机场', '林俊杰', '不流泪的机场 - 林俊杰.lrc', '2014-02-09 00:46:36', '不流泪的机场 - 林俊杰.mp3'),
(0000000171, '不留', '王菲', '不留 - 王菲.lrc', '2014-02-09 00:46:36', '不留 - 王菲.mp3'),
(0000000172, '不药而愈', '郭静', '不药而愈 - 郭静.lrc', '2014-02-09 00:46:36', '不药而愈 - 郭静.mp3'),
(0000000173, '不要说话', '陈奕迅', '不要说话 - 陈奕迅.lrc', '2014-02-09 00:46:36', '不要说话 - 陈奕迅.mp3'),
(0000000174, '不让我的眼泪陪我过夜', '齐秦', '不让我的眼泪陪我过夜 - 齐秦.lrc', '2014-02-09 00:46:37', '不让我的眼泪陪我过夜 - 齐秦.mp3'),
(0000000175, '不顾一切的爱', '李圣杰', '不顾一切的爱 - 李圣杰.lrc', '2014-02-09 00:46:37', '不顾一切的爱 - 李圣杰.mp3'),
(0000000176, '且听风吟', '朴树', '且听风吟 - 朴树.lrc', '2014-02-09 00:46:37', '且听风吟 - 朴树.mp3'),
(0000000177, '世界唯一的你', '曹格', '世界唯一的你 - 曹格.lrc', '2014-02-09 00:46:37', '世界唯一的你 - 曹格.mp3'),
(0000000178, '世界尽头', '朴树', '世界尽头 - 朴树.lrc', '2014-02-09 00:46:37', '世界尽头 - 朴树.mp3'),
(0000000179, '东西南北风', '黄安', '东西南北风 - 黄安.lrc', '2014-02-09 00:46:37', '东西南北风 - 黄安.mp3'),
(0000000180, '东风破', '周杰伦', '东风破 - 周杰伦.lrc', '2014-02-09 00:46:37', '东风破 - 周杰伦.mp3'),
(0000000181, '两个人的寂寞', '萧亚轩', '两个人的寂寞 - 萧亚轩.lrc', '2014-02-09 00:46:37', '两个人的寂寞 - 萧亚轩.mp3'),
(0000000182, '两极', '任贤齐', '两极 - 任贤齐.lrc', '2014-02-09 00:46:37', '两极 - 任贤齐.mp3'),
(0000000183, '中华民谣', '孙浩', '中华民谣 - 孙浩.lrc', '2014-02-09 00:46:37', '中华民谣 - 孙浩.mp3'),
(0000000184, '中国人', '刘德华', '中国人 - 刘德华.lrc', '2014-02-09 00:46:37', '中国人 - 刘德华.mp3'),
(0000000185, '中国娃', '解小东', '中国娃 - 解小东.lrc', '2014-02-09 00:46:37', '中国娃 - 解小东.mp3'),
(0000000186, '为了让生活继续', '汪峰', '为了让生活继续 - 汪峰.lrc', '2014-02-09 00:46:37', '为了让生活继续 - 汪峰.mp3'),
(0000000187, '为什么受伤的总是我', '林志颖', '为什么受伤的总是我 - 林志颖.lrc', '2014-02-09 00:46:37', '为什么受伤的总是我 - 林志颖.mp3'),
(0000000188, '为梦想找一个家', '小虎队', '为梦想找一个家 - 小虎队.lrc', '2014-02-09 00:46:37', '为梦想找一个家 - 小虎队.mp3'),
(0000000189, '为爱痴狂', '刘若英', '为爱痴狂 - 刘若英.lrc', '2014-02-09 00:46:37', '为爱痴狂 - 刘若英.mp3'),
(0000000190, '为爱而生', '五月天', '为爱而生 - 五月天.lrc', '2014-02-09 00:46:37', '为爱而生 - 五月天.mp3'),
(0000000191, '久别的人', '白雪', '久别的人 - 白雪.lrc', '2014-02-09 00:46:37', '久别的人 - 白雪.mp3'),
(0000000192, '乐园', '张韶涵', '乐园 - 张韶涵.lrc', '2014-02-09 00:46:37', '乐园 - 张韶涵.mp3'),
(0000000193, '乘客', '王菲', '乘客 - 王菲.lrc', '2014-02-09 00:46:37', '乘客 - 王菲.mp3'),
(0000000194, '九号球', '五月天', '九号球 - 五月天.lrc', '2014-02-09 00:46:37', '九号球 - 五月天.mp3'),
(0000000195, '九妹', '黄鹤翔', '九妹 - 黄鹤翔.lrc', '2014-02-09 00:46:37', '九妹 - 黄鹤翔.mp3'),
(0000000196, '九月', '许巍', '九月 - 许巍.lrc', '2014-02-09 00:46:37', '九月 - 许巍.mp3'),
(0000000197, '九百九十九朵玫瑰', '邰正宵', '九百九十九朵玫瑰 - 邰正宵.lrc', '2014-02-09 00:46:37', '九百九十九朵玫瑰 - 邰正宵.mp3'),
(0000000198, '习惯了寂寞', '牛奶咖啡', '习惯了寂寞 - 牛奶咖啡.lrc', '2014-02-09 00:46:37', '习惯了寂寞 - 牛奶咖啡.mp3'),
(0000000199, '二十二', '陶喆', '二十二 - 陶喆.lrc', '2014-02-09 00:46:37', '二十二 - 陶喆.mp3'),
(0000000200, '二手烟', '蔡健雅', '二手烟 - 蔡健雅.lrc', '2014-02-09 00:46:37', '二手烟 - 蔡健雅.mp3'),
(0000000201, '亚特兰提斯', '飞儿乐团', '亚特兰提斯 - 飞儿乐团.lrc', '2014-02-09 00:46:37', '亚特兰提斯 - 飞儿乐团.mp3'),
(0000000202, '亲密爱人', '梅艳芳', '亲密爱人 - 梅艳芳.lrc', '2014-02-09 00:46:37', '亲密爱人 - 梅艳芳.mp3'),
(0000000203, '亲爱的小孩', '苏芮', '亲爱的小孩 - 苏芮.lrc', '2014-02-09 00:46:37', '亲爱的小孩 - 苏芮.mp3'),
(0000000204, '亲爱的那不是爱情', '张韶涵', '亲爱的那不是爱情 - 张韶涵.lrc', '2014-02-09 00:46:37', '亲爱的那不是爱情 - 张韶涵.mp3'),
(0000000205, '人来人往', '陈奕迅', '人来人往 - 陈奕迅.lrc', '2014-02-09 00:46:37', '人来人往 - 陈奕迅.mp3'),
(0000000206, '人间', '王菲', '人间 - 王菲.lrc', '2014-02-09 00:46:37', '人间 - 王菲.mp3'),
(0000000207, '今儿个高兴', '解小东', '今儿个高兴 - 解小东.lrc', '2014-02-09 00:46:37', '今儿个高兴 - 解小东.mp3'),
(0000000208, '今天你要嫁给我', '陶喆,蔡依林', '今天你要嫁给我 - 陶喆,蔡依林.lrc', '2014-02-09 00:46:37', '今天你要嫁给我 - 陶喆,蔡依林.mp3'),
(0000000209, '今天我们要走了', '水木年华', '今天我们要走了 - 水木年华.lrc', '2014-02-09 00:46:37', '今天我们要走了 - 水木年华.mp3'),
(0000000210, '今年夏天', '林志颖', '今年夏天 - 林志颖.lrc', '2014-02-09 00:46:37', '今年夏天 - 林志颖.mp3'),
(0000000211, '他一定很爱你', '阿杜', '他一定很爱你 - 阿杜.lrc', '2014-02-09 00:46:37', '他一定很爱你 - 阿杜.mp3'),
(0000000212, '他不爱我', '莫文蔚', '他不爱我 - 莫文蔚.lrc', '2014-02-09 00:46:37', '他不爱我 - 莫文蔚.mp3'),
(0000000213, '他还是不懂', 'S.H.E', '他还是不懂 - S.H.E.lrc', '2014-02-09 00:46:37', '他还是不懂 - S.H.E.mp3'),
(0000000214, '会呼吸的痛', '梁静茹', '会呼吸的痛 - 梁静茹.lrc', '2014-02-09 00:46:37', '会呼吸的痛 - 梁静茹.mp3'),
(0000000215, '会有那么一天', '林俊杰', '会有那么一天 - 林俊杰.lrc', '2014-02-09 00:46:37', '会有那么一天 - 林俊杰.mp3'),
(0000000216, '传奇', '李健', '传奇 - 李健.lrc', '2014-02-09 00:46:37', '传奇 - 李健.mp3'),
(0000000217, '伤城', '信', '伤城 - 信.lrc', '2014-02-09 00:46:37', '伤城 - 信.mp3'),
(0000000218, '伤心地铁', '无印良品', '伤心地铁 - 无印良品.lrc', '2014-02-09 00:46:37', '伤心地铁 - 无印良品.mp3'),
(0000000219, '伤痕', '林忆莲', '伤痕 - 林忆莲.lrc', '2014-02-09 00:46:37', '伤痕 - 林忆莲.mp3'),
(0000000220, '似曾相识', '陶喆', '似曾相识 - 陶喆.lrc', '2014-02-09 00:46:37', '似曾相识 - 陶喆.mp3'),
(0000000221, '但愿人长久', '王菲', '但愿人长久 - 王菲.lrc', '2014-02-09 00:46:37', '但愿人长久 - 王菲.mp3'),
(0000000222, '何必在一起', '张杰', '何必在一起 - 张杰.lrc', '2014-02-09 00:46:37', '何必在一起 - 张杰.mp3'),
(0000000223, '你不在', '王力宏', '你不在 - 王力宏.lrc', '2014-02-09 00:46:37', '你不在 - 王力宏.mp3'),
(0000000224, '你不是真正的快乐', '五月天', '你不是真正的快乐 - 五月天.lrc', '2014-02-09 00:46:37', '你不是真正的快乐 - 五月天.mp3'),
(0000000225, '你不知道的事', '王力宏', '你不知道的事 - 王力宏.lrc', '2014-02-09 00:46:37', '你不知道的事 - 王力宏.mp3'),
(0000000226, '你为什么说谎', '丁当', '你为什么说谎 - 丁当.lrc', '2014-02-09 00:46:37', '你为什么说谎 - 丁当.mp3'),
(0000000227, '你听得到', '周杰伦', '你听得到 - 周杰伦.lrc', '2014-02-09 00:46:37', '你听得到 - 周杰伦.mp3'),
(0000000228, '你和我', '王力宏', '你和我 - 王力宏.lrc', '2014-02-09 00:46:37', '你和我 - 王力宏.mp3'),
(0000000229, '你太诚实', 'S.H.E', '你太诚实 - S.H.E.lrc', '2014-02-09 00:46:37', '你太诚实 - S.H.E.mp3'),
(0000000230, '你就像个小孩', '阿杜', '你就像个小孩 - 阿杜.lrc', '2014-02-09 00:46:37', '你就像个小孩 - 阿杜.mp3'),
(0000000231, '你很爱他', '飞儿乐团', '你很爱他 - 飞儿乐团.lrc', '2014-02-09 00:46:37', '你很爱他 - 飞儿乐团.mp3'),
(0000000232, '你快乐 (所以我快乐)', '王菲', '你快乐 (所以我快乐) - 王菲.lrc', '2014-02-09 00:46:37', '你快乐 (所以我快乐) - 王菲.mp3'),
(0000000233, '你怎么舍得我难过', '黄品源', '你怎么舍得我难过 - 黄品源.lrc', '2014-02-09 00:46:37', '你怎么舍得我难过 - 黄品源.mp3'),
(0000000234, '你把我灌醉', '黄小琥', '你把我灌醉 - 黄小琥.lrc', '2014-02-09 00:46:37', '你把我灌醉 - 黄小琥.mp3'),
(0000000235, '你是我今生该等的人', '白雪', '你是我今生该等的人 - 白雪.lrc', '2014-02-09 00:46:37', '你是我今生该等的人 - 白雪.mp3'),
(0000000236, '你是我心中一句惊叹', '萧亚轩', '你是我心中一句惊叹 - 萧亚轩.lrc', '2014-02-09 00:46:37', '你是我心中一句惊叹 - 萧亚轩.mp3'),
(0000000237, '你是我心内的一首歌', '王力宏,任家萱', '你是我心内的一首歌 - 王力宏,任家萱.lrc', '2014-02-09 00:46:37', '你是我心内的一首歌 - 王力宏,任家萱.mp3'),
(0000000238, '你是此生最美的风景', 'Js', '你是此生最美的风景 - Js.lrc', '2014-02-09 00:46:37', '你是此生最美的风景 - Js.mp3'),
(0000000239, '你爱我吗', '范逸臣', '你爱我吗 - 范逸臣.lrc', '2014-02-09 00:46:37', '你爱我吗 - 范逸臣.mp3'),
(0000000240, '你现在还好吗', '周华健', '你现在还好吗 - 周华健.lrc', '2014-02-09 00:46:37', '你现在还好吗 - 周华健.mp3'),
(0000000241, '你的微笑', '飞儿乐团', '你的微笑 - 飞儿乐团.lrc', '2014-02-09 00:46:37', '你的微笑 - 飞儿乐团.mp3'),
(0000000242, '你的样子', '齐秦', '你的样子 - 齐秦.lrc', '2014-02-09 00:46:37', '你的样子 - 齐秦.mp3'),
(0000000243, '你的甜蜜', '范晓萱', '你的甜蜜 - 范晓萱.lrc', '2014-02-09 00:46:37', '你的甜蜜 - 范晓萱.mp3'),
(0000000244, '你的背包', '陈奕迅', '你的背包 - 陈奕迅.lrc', '2014-02-09 00:46:37', '你的背包 - 陈奕迅.mp3'),
(0000000245, '你究竟有几个好妹妹', '孟庭苇', '你究竟有几个好妹妹 - 孟庭苇.lrc', '2014-02-09 00:46:37', '你究竟有几个好妹妹 - 孟庭苇.mp3'),
(0000000246, '你要的爱', '戴佩妮', '你要的爱 - 戴佩妮.lrc', '2014-02-09 00:46:37', '你要的爱 - 戴佩妮.mp3'),
(0000000247, '你还记得爱情吗', '辛晓琪', '你还记得爱情吗 - 辛晓琪.lrc', '2014-02-09 00:46:37', '你还记得爱情吗 - 辛晓琪.mp3'),
(0000000248, '依然爱你', '王力宏', '依然爱你 - 王力宏.lrc', '2014-02-09 00:46:37', '依然爱你 - 王力宏.mp3'),
(0000000249, '依靠', '任贤齐', '依靠 - 任贤齐.lrc', '2014-02-09 00:46:37', '依靠 - 任贤齐.mp3'),
(0000000250, '俩俩相望', '辛晓琪', '俩俩相望 - 辛晓琪.lrc', '2014-02-09 00:46:37', '俩俩相望 - 辛晓琪.mp3'),
(0000000251, '倔强', '五月天', '倔强 - 五月天.lrc', '2014-02-09 00:46:37', '倔强 - 五月天.mp3'),
(0000000252, '候鸟', 'S.H.E', '候鸟 - S.H.E.lrc', '2014-02-09 00:46:37', '候鸟 - S.H.E.mp3'),
(0000000253, '健康歌', '范晓萱', '健康歌 - 范晓萱.lrc', '2014-02-09 00:46:37', '健康歌 - 范晓萱.mp3'),
(0000000254, '催眠', '王菲', '催眠 - 王菲.lrc', '2014-02-09 00:46:37', '催眠 - 王菲.mp3'),
(0000000255, '傲慢的上校', '朴树', '傲慢的上校 - 朴树.lrc', '2014-02-09 00:46:37', '傲慢的上校 - 朴树.mp3'),
(0000000256, '傻子才悲伤', '朴树', '傻子才悲伤 - 朴树.lrc', '2014-02-09 00:46:37', '傻子才悲伤 - 朴树.mp3'),
(0000000257, '傻瓜', '温岚', '傻瓜 - 温岚.lrc', '2014-02-09 00:46:37', '傻瓜 - 温岚.mp3'),
(0000000258, '像我这一种男人', '古天乐', '像我这一种男人 - 古天乐.lrc', '2014-02-09 00:46:37', '像我这一种男人 - 古天乐.mp3'),
(0000000259, '像风一样自由', '许巍', '像风一样自由 - 许巍.lrc', '2014-02-09 00:46:37', '像风一样自由 - 许巍.mp3'),
(0000000260, '兄妹', '陈奕迅', '兄妹 - 陈奕迅.lrc', '2014-02-09 00:46:37', '兄妹 - 陈奕迅.mp3'),
(0000000261, '兄弟', '任贤齐', '兄弟 - 任贤齐.lrc', '2014-02-09 00:46:37', '兄弟 - 任贤齐.mp3'),
(0000000262, '光之翼', '王菲', '光之翼 - 王菲.lrc', '2014-02-09 00:46:37', '光之翼 - 王菲.mp3'),
(0000000263, '全世界失眠', '陈奕迅', '全世界失眠 - 陈奕迅.lrc', '2014-02-09 00:46:37', '全世界失眠 - 陈奕迅.mp3'),
(0000000264, '六月飞霜', '陈奕迅', '六月飞霜 - 陈奕迅.lrc', '2014-02-09 00:46:37', '六月飞霜 - 陈奕迅.mp3'),
(0000000265, '兰花草', '叶倩文', '兰花草 - 叶倩文.lrc', '2014-02-09 00:46:37', '兰花草 - 叶倩文.mp3'),
(0000000266, '关于你的歌', '李圣杰', '关于你的歌 - 李圣杰.lrc', '2014-02-09 00:46:37', '关于你的歌 - 李圣杰.mp3'),
(0000000267, '其实很爱你', '张韶涵', '其实很爱你 - 张韶涵.lrc', '2014-02-09 00:46:37', '其实很爱你 - 张韶涵.mp3'),
(0000000268, '其实我真的很在乎', '姜育恒', '其实我真的很在乎 - 姜育恒.lrc', '2014-02-09 00:46:37', '其实我真的很在乎 - 姜育恒.mp3'),
(0000000269, '再出发', '任贤齐,阿牛', '再出发 - 任贤齐,阿牛.lrc', '2014-02-09 00:46:37', '再出发 - 任贤齐,阿牛.mp3'),
(0000000270, '冬天里的一把火', '费翔', '冬天里的一把火 - 费翔.lrc', '2014-02-09 00:46:37', '冬天里的一把火 - 费翔.mp3'),
(0000000271, '冰糖葫芦', '冯晓泉', '冰糖葫芦 - 冯晓泉.lrc', '2014-02-09 00:46:37', '冰糖葫芦 - 冯晓泉.mp3'),
(0000000272, '冲动', '萧亚轩', '冲动 - 萧亚轩.lrc', '2014-02-09 00:46:37', '冲动 - 萧亚轩.mp3'),
(0000000273, '决定', '刘若英', '决定 - 刘若英.lrc', '2014-02-09 00:46:37', '决定 - 刘若英.mp3'),
(0000000274, '冻结', '林俊杰', '冻结 - 林俊杰.lrc', '2014-02-09 00:46:37', '冻结 - 林俊杰.mp3'),
(0000000275, '凌晨三点钟', '张智成', '凌晨三点钟 - 张智成.lrc', '2014-02-09 00:46:37', '凌晨三点钟 - 张智成.mp3'),
(0000000276, '出卖', '那英', '出卖 - 那英.lrc', '2014-02-09 00:46:37', '出卖 - 那英.mp3'),
(0000000277, '出发', '纵贯线', '出发 - 纵贯线.lrc', '2014-02-09 00:46:37', '出发 - 纵贯线.mp3'),
(0000000278, '出头天', '五月天', '出头天 - 五月天.lrc', '2014-02-09 00:46:37', '出头天 - 五月天.mp3'),
(0000000279, '分开旅行', '刘若英,黄立行', '分开旅行 - 刘若英,黄立行.lrc', '2014-02-09 00:46:37', '分开旅行 - 刘若英,黄立行.mp3'),
(0000000280, '分手快乐', '梁静茹', '分手快乐 - 梁静茹.lrc', '2014-02-09 00:46:37', '分手快乐 - 梁静茹.mp3'),
(0000000281, '分裂 (离开)', '周杰伦', '分裂 (离开) - 周杰伦.lrc', '2014-02-09 00:46:37', '分裂 (离开) - 周杰伦.mp3'),
(0000000282, '初恋', '红孩儿', '初恋 - 红孩儿.lrc', '2014-02-09 00:46:37', '初恋 - 红孩儿.mp3'),
(0000000283, '别哭我最爱的人', '郑智化', '别哭我最爱的人 - 郑智化.lrc', '2014-02-09 00:46:37', '别哭我最爱的人 - 郑智化.mp3'),
(0000000284, '别在伤口洒盐', '张惠妹', '别在伤口洒盐 - 张惠妹.lrc', '2014-02-09 00:46:37', '别在伤口洒盐 - 张惠妹.mp3'),
(0000000285, '别在分手的时候说爱我', '韩信', '别在分手的时候说爱我 - 韩信.lrc', '2014-02-09 00:46:37', '别在分手的时候说爱我 - 韩信.mp3'),
(0000000286, '别让情两难', '范文芳,张信哲', '别让情两难 - 范文芳,张信哲.lrc', '2014-02-09 00:46:37', '别让情两难 - 范文芳,张信哲.mp3'),
(0000000287, '别说对不起', 'S.H.E', '别说对不起 - S.H.E.lrc', '2014-02-09 00:46:37', '别说对不起 - S.H.E.mp3'),
(0000000288, '别问我是谁', '王馨平', '别问我是谁 - 王馨平.lrc', '2014-02-09 00:46:37', '别问我是谁 - 王馨平.mp3'),
(0000000289, '到不了', '范玮琪', '到不了 - 范玮琪.lrc', '2014-02-09 00:46:37', '到不了 - 范玮琪.mp3'),
(0000000290, '刺鸟', '飞儿乐团', '刺鸟 - 飞儿乐团.lrc', '2014-02-09 00:46:37', '刺鸟 - 飞儿乐团.mp3'),
(0000000291, '办不到', '张靓颖', '办不到 - 张靓颖.lrc', '2014-02-09 00:46:37', '办不到 - 张靓颖.mp3'),
(0000000292, '加油', '林俊杰,MC Hotdog', '加油 - 林俊杰,MC Hotdog.lrc', '2014-02-09 00:46:37', '加油 - 林俊杰,MC Hotdog.mp3'),
(0000000293, '勇气', '梁静茹', '勇气 - 梁静茹.lrc', '2014-02-09 00:46:37', '勇气 - 梁静茹.mp3'),
(0000000294, '北京一夜', '陈升', '北京一夜 - 陈升.lrc', '2014-02-09 00:46:37', '北京一夜 - 陈升.mp3'),
(0000000295, '北京北京', '汪峰', '北京北京 - 汪峰.lrc', '2014-02-09 00:46:37', '北京北京 - 汪峰.mp3'),
(0000000296, '北京的冬天', '老狼', '北京的冬天 - 老狼.lrc', '2014-02-09 00:46:37', '北京的冬天 - 老狼.mp3'),
(0000000297, '北京的桥', '蔡国庆', '北京的桥 - 蔡国庆.lrc', '2014-02-09 00:46:37', '北京的桥 - 蔡国庆.mp3'),
(0000000298, '北极圈', '飞儿乐团', '北极圈 - 飞儿乐团.lrc', '2014-02-09 00:46:37', '北极圈 - 飞儿乐团.mp3'),
(0000000299, '十七岁的雨季', '林志颖', '十七岁的雨季 - 林志颖.lrc', '2014-02-09 00:46:37', '十七岁的雨季 - 林志颖.mp3'),
(0000000300, '十年', '陈奕迅', '十年 - 陈奕迅.lrc', '2014-02-09 00:46:37', '十年 - 陈奕迅.mp3'),
(0000000301, '千古绝唱', '白雪', '千古绝唱 - 白雪.lrc', '2014-02-09 00:46:37', '千古绝唱 - 白雪.mp3'),
(0000000302, '千年之恋', '飞儿乐团', '千年之恋 - 飞儿乐团.lrc', '2014-02-09 00:46:37', '千年之恋 - 飞儿乐团.mp3'),
(0000000303, '千年等一回', '高胜美', '千年等一回 - 高胜美.lrc', '2014-02-09 00:46:37', '千年等一回 - 高胜美.mp3'),
(0000000304, '千纸鹤', '邰正宵', '千纸鹤 - 邰正宵.lrc', '2014-02-09 00:46:37', '千纸鹤 - 邰正宵.mp3'),
(0000000305, '半兽人', '周杰伦', '半兽人 - 周杰伦.lrc', '2014-02-09 00:46:37', '半兽人 - 周杰伦.mp3'),
(0000000306, '半岛铁盒', '周杰伦', '半岛铁盒 - 周杰伦.lrc', '2014-02-09 00:46:37', '半岛铁盒 - 周杰伦.mp3'),
(0000000307, '半糖主义', 'S.H.E', '半糖主义 - S.H.E.lrc', '2014-02-09 00:46:37', '半糖主义 - S.H.E.mp3'),
(0000000308, '半途而废', '王菲', '半途而废 - 王菲.lrc', '2014-02-09 00:46:37', '半途而废 - 王菲.mp3'),
(0000000309, '单人房双人床', '莫文蔚', '单人房双人床 - 莫文蔚.lrc', '2014-02-09 00:46:37', '单人房双人床 - 莫文蔚.mp3'),
(0000000310, '单行道', '王菲', '单行道 - 王菲.lrc', '2014-02-09 00:46:37', '单行道 - 王菲.mp3'),
(0000000311, '单身情歌', '林志炫', '单身情歌 - 林志炫.lrc', '2014-02-09 00:46:37', '单身情歌 - 林志炫.mp3'),
(0000000312, '单身逃亡', '郑智化', '单身逃亡 - 郑智化.lrc', '2014-02-09 00:46:37', '单身逃亡 - 郑智化.mp3'),
(0000000313, '原来', '林俊杰', '原来 - 林俊杰.lrc', '2014-02-09 00:46:37', '原来 - 林俊杰.mp3'),
(0000000314, '原来你也在这里', '刘若英', '原来你也在这里 - 刘若英.lrc', '2014-02-09 00:46:37', '原来你也在这里 - 刘若英.mp3'),
(0000000315, '原点', '蔡健雅,孙燕姿', '原点 - 蔡健雅,孙燕姿.lrc', '2014-02-09 00:46:37', '原点 - 蔡健雅,孙燕姿.mp3'),
(0000000316, '又一年又三年', '品冠', '又一年又三年 - 品冠.lrc', '2014-02-09 00:46:37', '又一年又三年 - 品冠.mp3'),
(0000000317, '双失情人节', 'Twins', '双失情人节 - Twins.lrc', '2014-02-09 00:46:37', '双失情人节 - Twins.mp3'),
(0000000318, '双栖动物', '蔡健雅', '双栖动物 - 蔡健雅.lrc', '2014-02-09 00:46:37', '双栖动物 - 蔡健雅.mp3'),
(0000000319, '双飞', '吴奇隆', '双飞 - 吴奇隆.lrc', '2014-02-09 00:46:37', '双飞 - 吴奇隆.mp3'),
(0000000320, '发如雪', '周杰伦', '发如雪 - 周杰伦.lrc', '2014-02-09 00:46:37', '发如雪 - 周杰伦.mp3'),
(0000000321, '受了点伤', '阿桑', '受了点伤 - 阿桑.lrc', '2014-02-09 00:46:37', '受了点伤 - 阿桑.mp3'),
(0000000322, '口是心非', '张雨生', '口是心非 - 张雨生.lrc', '2014-02-09 00:46:37', '口是心非 - 张雨生.mp3'),
(0000000323, '口袋的天空', '张韶涵', '口袋的天空 - 张韶涵.lrc', '2014-02-09 00:46:37', '口袋的天空 - 张韶涵.mp3'),
(0000000324, '只对你说', '林俊杰', '只对你说 - 林俊杰.lrc', '2014-02-09 00:46:37', '只对你说 - 林俊杰.mp3'),
(0000000325, '只爱陌生人', '王菲', '只爱陌生人 - 王菲.lrc', '2014-02-09 00:46:37', '只爱陌生人 - 王菲.mp3'),
(0000000326, '召唤', '朴树', '召唤 - 朴树.lrc', '2014-02-09 00:46:37', '召唤 - 朴树.mp3'),
(0000000327, '可不可以不勇敢', '范玮琪', '可不可以不勇敢 - 范玮琪.lrc', '2014-02-09 00:46:37', '可不可以不勇敢 - 范玮琪.mp3'),
(0000000328, '可惜不是你', '梁静茹', '可惜不是你 - 梁静茹.lrc', '2014-02-09 00:46:37', '可惜不是你 - 梁静茹.mp3'),
(0000000329, '可爱女人', '周杰伦', '可爱女人 - 周杰伦.lrc', '2014-02-09 00:46:37', '可爱女人 - 周杰伦.mp3'),
(0000000330, '可爱的蓝精灵', '小蓓蕾组合', '可爱的蓝精灵 - 小蓓蕾组合.lrc', '2014-02-09 00:46:37', '可爱的蓝精灵 - 小蓓蕾组合.mp3'),
(0000000331, '叶子(蔷薇之恋原声带版)', '阿桑', '叶子(蔷薇之恋原声带版) - 阿桑.lrc', '2014-02-09 00:46:37', '叶子(蔷薇之恋原声带版) - 阿桑.mp3'),
(0000000332, '同手同脚', '温岚', '同手同脚 - 温岚.lrc', '2014-02-09 00:46:37', '同手同脚 - 温岚.mp3'),
(0000000333, '同桌的你', '苏有朋', '同桌的你 - 苏有朋.lrc', '2014-02-09 00:46:37', '同桌的你 - 苏有朋.mp3'),
(0000000334, '后来', '刘若英', '后来 - 刘若英.lrc', '2014-02-09 00:46:37', '后来 - 刘若英.mp3'),
(0000000335, '后青春期的诗', '五月天', '后青春期的诗 - 五月天.lrc', '2014-02-09 00:46:37', '后青春期的诗 - 五月天.mp3'),
(0000000336, '向往', '李健', '向往 - 李健.lrc', '2014-02-09 00:46:37', '向往 - 李健.mp3'),
(0000000337, '听不到', '梁静茹', '听不到 - 梁静茹.lrc', '2014-02-09 00:46:37', '听不到 - 梁静茹.mp3'),
(0000000338, '听妈妈的话', '周杰伦', '听妈妈的话 - 周杰伦.lrc', '2014-02-09 00:46:37', '听妈妈的话 - 周杰伦.mp3'),
(0000000339, '听海', '张惠妹', '听海 - 张惠妹.lrc', '2014-02-09 00:46:37', '听海 - 张惠妹.mp3'),
(0000000340, '听说', '刘若英', '听说 - 刘若英.lrc', '2014-02-09 00:46:37', '听说 - 刘若英.mp3'),
(0000000341, '听说爱情回来过', '彭佳慧', '听说爱情回来过 - 彭佳慧.lrc', '2014-02-09 00:46:37', '听说爱情回来过 - 彭佳慧.mp3'),
(0000000342, '启程', '范玮琪', '启程 - 范玮琪.lrc', '2014-02-09 00:46:37', '启程 - 范玮琪.mp3'),
(0000000343, '吻', '萧亚轩', '吻 - 萧亚轩.lrc', '2014-02-09 00:46:37', '吻 - 萧亚轩.mp3'),
(0000000344, '吻下去爱上你', '陈晓东', '吻下去爱上你 - 陈晓东.lrc', '2014-02-09 00:46:37', '吻下去爱上你 - 陈晓东.mp3'),
(0000000345, '吻别 (国)', '张学友', '吻别 (国) - 张学友.lrc', '2014-02-09 00:46:37', '吻别 (国) - 张学友.mp3'),
(0000000346, '告诉我', '陈绮贞', '告诉我 - 陈绮贞.lrc', '2014-02-09 00:46:37', '告诉我 - 陈绮贞.mp3'),
(0000000347, '呐喊', '张韶涵', '呐喊 - 张韶涵.lrc', '2014-02-09 00:46:37', '呐喊 - 张韶涵.mp3'),
(0000000348, '呼吸', '蔡健雅', '呼吸 - 蔡健雅.lrc', '2014-02-09 00:46:37', '呼吸 - 蔡健雅.mp3'),
(0000000349, '和你在一起', '陈绮贞', '和你在一起 - 陈绮贞.lrc', '2014-02-09 00:46:37', '和你在一起 - 陈绮贞.mp3'),
(0000000350, '哈啰', '阿杜', '哈啰 - 阿杜.lrc', '2014-02-09 00:46:37', '哈啰 - 阿杜.mp3'),
(0000000351, '哭不出来', '张惠妹', '哭不出来 - 张惠妹.lrc', '2014-02-09 00:46:37', '哭不出来 - 张惠妹.mp3'),
(0000000352, '唉声叹气', '郑秀文', '唉声叹气 - 郑秀文.lrc', '2014-02-09 00:46:37', '唉声叹气 - 郑秀文.mp3'),
(0000000353, '唯一', '王力宏', '唯一 - 王力宏.lrc', '2014-02-09 00:46:37', '唯一 - 王力宏.mp3'),
(0000000354, '噢买尬', '五月天', '噢买尬 - 五月天.lrc', '2014-02-09 00:46:37', '噢买尬 - 五月天.mp3'),
(0000000355, '回到拉萨', '郑钧', '回到拉萨 - 郑钧.lrc', '2014-02-09 00:46:37', '回到拉萨 - 郑钧.mp3'),
(0000000356, '回到过去', '周杰伦', '回到过去 - 周杰伦.lrc', '2014-02-09 00:46:37', '回到过去 - 周杰伦.mp3'),
(0000000357, '回心转意', '张宇', '回心转意 - 张宇.lrc', '2014-02-09 00:46:37', '回心转意 - 张宇.mp3'),
(0000000358, '回来', '张信哲', '回来 - 张信哲.lrc', '2014-02-09 00:46:37', '回来 - 张信哲.mp3'),
(0000000359, '因为', '范玮琪', '因为 - 范玮琪.lrc', '2014-02-09 00:46:37', '因为 - 范玮琪.mp3'),
(0000000360, '因为你', '萧亚轩', '因为你 - 萧亚轩.lrc', '2014-02-09 00:46:37', '因为你 - 萧亚轩.mp3'),
(0000000361, '因为爱情', '王菲,陈奕迅', '因为爱情 - 王菲,陈奕迅.lrc', '2014-02-09 00:46:37', '因为爱情 - 王菲,陈奕迅.mp3'),
(0000000362, '团圆', '巫启贤', '团圆 - 巫启贤.lrc', '2014-02-09 00:46:37', '团圆 - 巫启贤.mp3'),
(0000000363, '园游会', '周杰伦', '园游会 - 周杰伦.lrc', '2014-02-09 00:46:37', '园游会 - 周杰伦.mp3'),
(0000000364, '在我生命中的每一天', '成龙,苏慧伦', '在我生命中的每一天 - 成龙,苏慧伦.lrc', '2014-02-09 00:46:37', '在我生命中的每一天 - 成龙,苏慧伦.mp3'),
(0000000365, '在树上唱歌', '郭静', '在树上唱歌 - 郭静.lrc', '2014-02-09 00:46:37', '在树上唱歌 - 郭静.mp3'),
(0000000366, '在雨中', '汪峰', '在雨中 - 汪峰.lrc', '2014-02-09 00:46:37', '在雨中 - 汪峰.mp3'),
(0000000367, '坚持到底', '阿杜', '坚持到底 - 阿杜.lrc', '2014-02-09 00:46:37', '坚持到底 - 阿杜.mp3'),
(0000000368, '垃圾车', '五月天', '垃圾车 - 五月天.lrc', '2014-02-09 00:46:37', '垃圾车 - 五月天.mp3'),
(0000000369, '城市稻草人', '曹方', '城市稻草人 - 曹方.lrc', '2014-02-09 00:46:37', '城市稻草人 - 曹方.mp3'),
(0000000370, '堆积情感', '邝美云', '堆积情感 - 邝美云.lrc', '2014-02-09 00:46:37', '堆积情感 - 邝美云.mp3'),
(0000000371, '壮志在我胸', '成龙', '壮志在我胸 - 成龙.lrc', '2014-02-09 00:46:37', '壮志在我胸 - 成龙.mp3'),
(0000000372, '夏天的风', '温岚', '夏天的风 - 温岚.lrc', '2014-02-09 00:46:37', '夏天的风 - 温岚.mp3'),
(0000000373, '夕阳无限好', '陈奕迅', '夕阳无限好 - 陈奕迅.lrc', '2014-02-09 00:46:37', '夕阳无限好 - 陈奕迅.mp3');
INSERT INTO `musicrec_song` (`id`, `title`, `singer`, `lyrics`, `time`, `path`) VALUES
(0000000374, '外婆的澎湖湾', '蔡琴', '外婆的澎湖湾 - 蔡琴.lrc', '2014-02-09 00:46:37', '外婆的澎湖湾 - 蔡琴.mp3'),
(0000000375, '多想', '张信哲', '多想 - 张信哲.lrc', '2014-02-09 00:46:37', '多想 - 张信哲.mp3'),
(0000000376, '多谢失恋', 'Twins', '多谢失恋 - Twins.lrc', '2014-02-09 00:46:37', '多谢失恋 - Twins.mp3'),
(0000000377, '夜会', '王菲', '夜会 - 王菲.lrc', '2014-02-09 00:46:37', '夜会 - 王菲.mp3'),
(0000000378, '夜夜夜夜', '熊天平', '夜夜夜夜 - 熊天平.lrc', '2014-02-09 00:46:37', '夜夜夜夜 - 熊天平.mp3'),
(0000000379, '夜曲', '周杰伦', '夜曲 - 周杰伦.lrc', '2014-02-09 00:46:37', '夜曲 - 周杰伦.mp3'),
(0000000380, '夜的第七章', '周杰伦', '夜的第七章 - 周杰伦.lrc', '2014-02-09 00:46:37', '夜的第七章 - 周杰伦.mp3'),
(0000000381, '夜的诗人', '江美琪', '夜的诗人 - 江美琪.lrc', '2014-02-09 00:46:37', '夜的诗人 - 江美琪.mp3'),
(0000000382, '夜访吸血鬼', '五月天', '夜访吸血鬼 - 五月天.lrc', '2014-02-09 00:46:37', '夜访吸血鬼 - 五月天.mp3'),
(0000000383, '大中国', '高枫', '大中国 - 高枫.lrc', '2014-02-09 00:46:37', '大中国 - 高枫.mp3'),
(0000000384, '大哥你好吗？', '甘萍', '大哥你好吗？ - 甘萍.lrc', '2014-02-09 00:46:37', '大哥你好吗？ - 甘萍.mp3'),
(0000000385, '大地', '黄家驹', '大地 - 黄家驹.lrc', '2014-02-09 00:46:37', '大地 - 黄家驹.mp3'),
(0000000386, '大城小爱', '王力宏', '大城小爱 - 王力宏.lrc', '2014-02-09 00:46:37', '大城小爱 - 王力宏.mp3'),
(0000000387, '大头皮鞋', '韩晓', '大头皮鞋 - 韩晓.lrc', '2014-02-09 00:46:37', '大头皮鞋 - 韩晓.mp3'),
(0000000388, '大约在冬季', '齐秦', '大约在冬季 - 齐秦.lrc', '2014-02-09 00:46:37', '大约在冬季 - 齐秦.mp3'),
(0000000389, '大肚腩', '阿牛', '大肚腩 - 阿牛.lrc', '2014-02-09 00:46:37', '大肚腩 - 阿牛.mp3'),
(0000000390, '大花轿', '火风', '大花轿 - 火风.lrc', '2014-02-09 00:46:37', '大花轿 - 火风.mp3'),
(0000000391, '天使', '五月天', '天使 - 五月天.lrc', '2014-02-09 00:46:37', '天使 - 五月天.mp3'),
(0000000392, '天使也一样', '任贤齐', '天使也一样 - 任贤齐.lrc', '2014-02-09 00:46:37', '天使也一样 - 任贤齐.mp3'),
(0000000393, '天使的翅膀', '范玮琪', '天使的翅膀 - 范玮琪.lrc', '2014-02-09 00:46:37', '天使的翅膀 - 范玮琪.mp3'),
(0000000394, '天天', '陶喆', '天天 - 陶喆.lrc', '2014-02-09 00:46:37', '天天 - 陶喆.mp3'),
(0000000395, '天天看到你', '阿杜', '天天看到你 - 阿杜.lrc', '2014-02-09 00:46:37', '天天看到你 - 阿杜.mp3'),
(0000000396, '天意', '刘德华', '天意 - 刘德华.lrc', '2014-02-09 00:46:37', '天意 - 刘德华.mp3'),
(0000000397, '天空不要为我掉眼泪', '陶晶莹', '天空不要为我掉眼泪 - 陶晶莹.lrc', '2014-02-09 00:46:37', '天空不要为我掉眼泪 - 陶晶莹.mp3'),
(0000000398, '天长地久', '陈楚生', '天长地久 - 陈楚生.lrc', '2014-02-09 00:46:37', '天长地久 - 陈楚生.mp3'),
(0000000399, '天高地厚', '信乐团', '天高地厚 - 信乐团.lrc', '2014-02-09 00:46:37', '天高地厚 - 信乐团.mp3'),
(0000000400, '天黑', '阿杜', '天黑 - 阿杜.lrc', '2014-02-09 00:46:37', '天黑 - 阿杜.mp3'),
(0000000401, '天黑黑', '孙燕姿', '天黑黑 - 孙燕姿.lrc', '2014-02-09 00:46:37', '天黑黑 - 孙燕姿.mp3'),
(0000000402, '太委屈', '陶晶莹', '太委屈 - 陶晶莹.lrc', '2014-02-09 00:46:37', '太委屈 - 陶晶莹.mp3'),
(0000000403, '太美丽', '陶喆', '太美丽 - 陶喆.lrc', '2014-02-09 00:46:37', '太美丽 - 陶喆.mp3'),
(0000000404, '失忆症', '蔡健雅', '失忆症 - 蔡健雅.lrc', '2014-02-09 00:46:37', '失忆症 - 蔡健雅.mp3'),
(0000000405, '女爵', '杨乃文', '女爵 - 杨乃文.lrc', '2014-02-09 00:46:37', '女爵 - 杨乃文.mp3'),
(0000000406, '她在睡梦中', '朴树', '她在睡梦中 - 朴树.lrc', '2014-02-09 00:46:37', '她在睡梦中 - 朴树.mp3'),
(0000000407, '她来听我的演唱会', '张学友', '她来听我的演唱会 - 张学友.lrc', '2014-02-09 00:46:37', '她来听我的演唱会 - 张学友.mp3'),
(0000000408, '她的睫毛', '周杰伦', '她的睫毛 - 周杰伦.lrc', '2014-02-09 00:46:37', '她的睫毛 - 周杰伦.mp3'),
(0000000409, '好久不见', '陈奕迅', '好久不见 - 陈奕迅.lrc', '2014-02-09 00:46:37', '好久不见 - 陈奕迅.mp3'),
(0000000410, '好人一生平安', '李娜', '好人一生平安 - 李娜.lrc', '2014-02-09 00:46:37', '好人一生平安 - 李娜.mp3'),
(0000000411, '好心分手', '卢巧音', '好心分手 - 卢巧音.lrc', '2014-02-09 00:46:37', '好心分手 - 卢巧音.mp3'),
(0000000412, '好爸爸坏爸爸', '儿歌', '好爸爸坏爸爸 - 儿歌.lrc', '2014-02-09 00:46:37', '好爸爸坏爸爸 - 儿歌.mp3'),
(0000000413, '如果云知道', '齐秦', '如果云知道 - 齐秦.lrc', '2014-02-09 00:46:37', '如果云知道 - 齐秦.mp3'),
(0000000414, '如果有一天', '梁静茹', '如果有一天 - 梁静茹.lrc', '2014-02-09 00:46:37', '如果有一天 - 梁静茹.mp3'),
(0000000415, '如果爱下去', '张靓颖', '如果爱下去 - 张靓颖.lrc', '2014-02-09 00:46:37', '如果爱下去 - 张靓颖.mp3'),
(0000000416, '如果的事', '范玮琪,张韶涵', '如果的事 - 范玮琪,张韶涵.lrc', '2014-02-09 00:46:37', '如果的事 - 范玮琪,张韶涵.mp3'),
(0000000417, '如果这就是爱情', '张靓颖', '如果这就是爱情 - 张靓颖.lrc', '2014-02-09 00:46:37', '如果这就是爱情 - 张靓颖.mp3'),
(0000000418, '如烟', '五月天', '如烟 - 五月天.lrc', '2014-02-09 00:46:37', '如烟 - 五月天.mp3'),
(0000000419, '姐妹', '张惠妹', '姐妹 - 张惠妹.lrc', '2014-02-09 00:46:37', '姐妹 - 张惠妹.mp3'),
(0000000420, '姐姐妹妹站起来', '陶晶莹', '姐姐妹妹站起来 - 陶晶莹.lrc', '2014-02-09 00:46:37', '姐姐妹妹站起来 - 陶晶莹.mp3'),
(0000000421, '威廉古堡', '周杰伦', '威廉古堡 - 周杰伦.lrc', '2014-02-09 00:46:37', '威廉古堡 - 周杰伦.mp3'),
(0000000422, '子曰', '卜学亮,曾宝仪', '子曰 - 卜学亮,曾宝仪.lrc', '2014-02-09 00:46:37', '子曰 - 卜学亮,曾宝仪.mp3'),
(0000000423, '孔雀东南飞', '屠洪刚', '孔雀东南飞 - 屠洪刚.lrc', '2014-02-09 00:46:37', '孔雀东南飞 - 屠洪刚.mp3'),
(0000000424, '存在', '汪峰', '存在 - 汪峰.lrc', '2014-02-09 00:46:37', '存在 - 汪峰.mp3'),
(0000000425, '宁夏', '梁静茹', '宁夏 - 梁静茹.lrc', '2014-02-09 00:46:37', '宁夏 - 梁静茹.mp3'),
(0000000426, '安全感', 'S.H.E', '安全感 - S.H.E.lrc', '2014-02-09 00:46:37', '安全感 - S.H.E.mp3'),
(0000000427, '安宁', '孙燕姿', '安宁 - 孙燕姿.lrc', '2014-02-09 00:46:37', '安宁 - 孙燕姿.mp3'),
(0000000428, '安静', '周杰伦', '安静 - 周杰伦.lrc', '2014-02-09 00:46:37', '安静 - 周杰伦.mp3'),
(0000000429, '完美主义', '周杰伦', '完美主义 - 周杰伦.lrc', '2014-02-09 00:46:37', '完美主义 - 周杰伦.mp3'),
(0000000430, '完美的一天', '孙燕姿', '完美的一天 - 孙燕姿.lrc', '2014-02-09 00:46:37', '完美的一天 - 孙燕姿.mp3'),
(0000000431, '宫保鸡丁', '陶喆', '宫保鸡丁 - 陶喆.lrc', '2014-02-09 00:46:37', '宫保鸡丁 - 陶喆.mp3'),
(0000000432, '害怕', '林俊杰', '害怕 - 林俊杰.lrc', '2014-02-09 00:46:37', '害怕 - 林俊杰.mp3'),
(0000000433, '容易受伤的女人', '王菲', '容易受伤的女人 - 王菲.lrc', '2014-02-09 00:46:37', '容易受伤的女人 - 王菲.mp3'),
(0000000434, '宽容', '张信哲', '宽容 - 张信哲.lrc', '2014-02-09 00:46:37', '宽容 - 张信哲.mp3'),
(0000000435, '寂寞在唱歌', '阿桑', '寂寞在唱歌 - 阿桑.lrc', '2014-02-09 00:46:37', '寂寞在唱歌 - 阿桑.mp3'),
(0000000436, '寂寞的季节', '陶喆', '寂寞的季节 - 陶喆.lrc', '2014-02-09 00:46:37', '寂寞的季节 - 陶喆.mp3'),
(0000000437, '寂寞的恋人啊', '莫文蔚', '寂寞的恋人啊 - 莫文蔚.lrc', '2014-02-09 00:46:37', '寂寞的恋人啊 - 莫文蔚.mp3'),
(0000000438, '寂寞让我如此美丽', '陈明', '寂寞让我如此美丽 - 陈明.lrc', '2014-02-09 00:46:37', '寂寞让我如此美丽 - 陈明.mp3'),
(0000000439, '对不起', '周杰伦', '对不起 - 周杰伦.lrc', '2014-02-09 00:46:37', '对不起 - 周杰伦.mp3'),
(0000000440, '对不起我爱你', '梁静茹', '对不起我爱你 - 梁静茹.lrc', '2014-02-09 00:46:37', '对不起我爱你 - 梁静茹.mp3'),
(0000000441, '对你爱不完', '郭富城', '对你爱不完 - 郭富城.lrc', '2014-02-09 00:46:37', '对你爱不完 - 郭富城.mp3'),
(0000000442, '对你说', '王筝', '对你说 - 王筝.lrc', '2014-02-09 00:46:37', '对你说 - 王筝.mp3'),
(0000000443, '对面的女孩看过来', '任贤齐', '对面的女孩看过来 - 任贤齐.lrc', '2014-02-09 00:46:37', '对面的女孩看过来 - 任贤齐.mp3'),
(0000000444, '将爱', '王菲', '将爱 - 王菲.lrc', '2014-02-09 00:46:37', '将爱 - 王菲.mp3'),
(0000000445, '小叮当', '范晓萱', '小叮当 - 范晓萱.lrc', '2014-02-09 00:46:37', '小叮当 - 范晓萱.mp3'),
(0000000446, '小小', '戴佩妮', '小小 - 戴佩妮.lrc', '2014-02-09 00:46:37', '小小 - 戴佩妮.mp3'),
(0000000447, '小小葫芦娃', '小蓓蕾组合', '小小葫芦娃 - 小蓓蕾组合.lrc', '2014-02-09 00:46:37', '小小葫芦娃 - 小蓓蕾组合.mp3'),
(0000000448, '小手拉大手', '梁静茹', '小手拉大手 - 梁静茹.lrc', '2014-02-09 00:46:37', '小手拉大手 - 梁静茹.mp3'),
(0000000449, '小狼狗', '任贤齐', '小狼狗 - 任贤齐.lrc', '2014-02-09 00:46:37', '小狼狗 - 任贤齐.mp3'),
(0000000450, '小邋遢', '小蓓蕾组合', '小邋遢 - 小蓓蕾组合.lrc', '2014-02-09 00:46:37', '小邋遢 - 小蓓蕾组合.mp3'),
(0000000451, '小镇姑娘', '陶喆', '小镇姑娘 - 陶喆.lrc', '2014-02-09 00:46:37', '小镇姑娘 - 陶喆.mp3'),
(0000000452, '就是爱你', '陶喆', '就是爱你 - 陶喆.lrc', '2014-02-09 00:46:37', '就是爱你 - 陶喆.mp3'),
(0000000453, '岁月如歌', '陈奕迅', '岁月如歌 - 陈奕迅.lrc', '2014-02-09 00:46:37', '岁月如歌 - 陈奕迅.mp3'),
(0000000454, '差一点', '阿杜', '差一点 - 阿杜.lrc', '2014-02-09 00:46:37', '差一点 - 阿杜.mp3'),
(0000000455, '幸福', 'H.O.T.', '幸福 - H.O.T..lrc', '2014-02-09 00:46:37', '幸福 - H.O.T..mp3'),
(0000000456, '幸福可望不可及', '郑钧', '幸福可望不可及 - 郑钧.lrc', '2014-02-09 00:46:37', '幸福可望不可及 - 郑钧.mp3'),
(0000000457, '幸福的路？', '刘若英', '幸福的路？ - 刘若英.lrc', '2014-02-09 00:46:37', '幸福的路？ - 刘若英.mp3'),
(0000000458, '开不了口', '周杰伦', '开不了口 - 周杰伦.lrc', '2014-02-09 00:46:37', '开不了口 - 周杰伦.mp3'),
(0000000459, '开始懂了', '孙燕姿', '开始懂了 - 孙燕姿.lrc', '2014-02-09 00:46:37', '开始懂了 - 孙燕姿.mp3'),
(0000000460, '张三的歌', '齐秦', '张三的歌 - 齐秦.lrc', '2014-02-09 00:46:37', '张三的歌 - 齐秦.mp3'),
(0000000461, '弯弯的月亮', '吕方', '弯弯的月亮 - 吕方.lrc', '2014-02-09 00:46:37', '弯弯的月亮 - 吕方.mp3'),
(0000000462, '归去来', '胡兵,希莉娜依', '归去来 - 胡兵,希莉娜依.lrc', '2014-02-09 00:46:37', '归去来 - 胡兵,希莉娜依.mp3'),
(0000000463, '当我开始偷偷的想你', '张惠妹', '当我开始偷偷的想你 - 张惠妹.lrc', '2014-02-09 00:46:37', '当我开始偷偷的想你 - 张惠妹.mp3'),
(0000000464, '当时的月亮', '王菲', '当时的月亮 - 王菲.lrc', '2014-02-09 00:46:37', '当时的月亮 - 王菲.mp3'),
(0000000465, '当爱在靠近', '刘若英', '当爱在靠近 - 刘若英.lrc', '2014-02-09 00:46:37', '当爱在靠近 - 刘若英.mp3'),
(0000000466, '彩云追月', '龚玥', '彩云追月 - 龚玥.lrc', '2014-02-09 00:46:37', '彩云追月 - 龚玥.mp3'),
(0000000467, '彩虹', '许巍', '彩虹 - 许巍.lrc', '2014-02-09 00:46:37', '彩虹 - 许巍.mp3'),
(0000000468, '彩虹天堂', '刘畊宏', '彩虹天堂 - 刘畊宏.lrc', '2014-02-09 00:46:37', '彩虹天堂 - 刘畊宏.mp3'),
(0000000469, '影子', '王菲', '影子 - 王菲.lrc', '2014-02-09 00:46:37', '影子 - 王菲.mp3'),
(0000000470, '往事随风', '齐秦', '往事随风 - 齐秦.lrc', '2014-02-09 00:46:37', '往事随风 - 齐秦.mp3'),
(0000000471, '很受伤', '任贤齐', '很受伤 - 任贤齐.lrc', '2014-02-09 00:46:37', '很受伤 - 任贤齐.mp3'),
(0000000472, '很好', '孙燕姿', '很好 - 孙燕姿.lrc', '2014-02-09 00:46:37', '很好 - 孙燕姿.mp3'),
(0000000473, '很爱很爱你', '刘若英', '很爱很爱你 - 刘若英.lrc', '2014-02-09 00:46:37', '很爱很爱你 - 刘若英.mp3'),
(0000000474, '微凉的你', '陈绮贞', '微凉的你 - 陈绮贞.lrc', '2014-02-09 00:46:37', '微凉的你 - 陈绮贞.mp3'),
(0000000475, '微尘', '张学友', '微尘 - 张学友.lrc', '2014-02-09 00:46:37', '微尘 - 张学友.mp3'),
(0000000476, '心不设防', '陈慧琳', '心不设防 - 陈慧琳.lrc', '2014-02-09 00:46:37', '心不设防 - 陈慧琳.mp3'),
(0000000477, '心中的日月', '王力宏', '心中的日月 - 王力宏.lrc', '2014-02-09 00:46:37', '心中的日月 - 王力宏.mp3'),
(0000000478, '心会跟爱一起走', '郭峰,陈洁仪', '心会跟爱一起走 - 郭峰,陈洁仪.lrc', '2014-02-09 00:46:37', '心会跟爱一起走 - 郭峰,陈洁仪.mp3'),
(0000000479, '心墙', '郭静', '心墙 - 郭静.lrc', '2014-02-09 00:46:37', '心墙 - 郭静.mp3'),
(0000000480, '心太软', '任贤齐', '心太软 - 任贤齐.lrc', '2014-02-09 00:46:37', '心太软 - 任贤齐.mp3'),
(0000000481, '心情车站', '任贤齐', '心情车站 - 任贤齐.lrc', '2014-02-09 00:46:37', '心情车站 - 任贤齐.mp3'),
(0000000482, '心有独钟', '陈晓东', '心有独钟 - 陈晓东.lrc', '2014-02-09 00:46:37', '心有独钟 - 陈晓东.mp3'),
(0000000483, '心湖雨又风', '高胜美', '心湖雨又风 - 高胜美.lrc', '2014-02-09 00:46:37', '心湖雨又风 - 高胜美.mp3'),
(0000000484, '心要让你听见', '邰正宵', '心要让你听见 - 邰正宵.lrc', '2014-02-09 00:46:37', '心要让你听见 - 邰正宵.mp3'),
(0000000485, '心跳', '王力宏', '心跳 - 王力宏.lrc', '2014-02-09 00:46:37', '心跳 - 王力宏.mp3'),
(0000000486, '心酸的浪漫', '那英', '心酸的浪漫 - 那英.lrc', '2014-02-09 00:46:37', '心酸的浪漫 - 那英.mp3'),
(0000000487, '心雨', '高胜美', '心雨 - 高胜美.lrc', '2014-02-09 00:46:37', '心雨 - 高胜美.mp3'),
(0000000488, '志明与春娇', '五月天', '志明与春娇 - 五月天.lrc', '2014-02-09 00:46:37', '志明与春娇 - 五月天.mp3'),
(0000000489, '忘了我是谁', '王海玲', '忘了我是谁 - 王海玲.lrc', '2014-02-09 00:46:37', '忘了我是谁 - 王海玲.mp3'),
(0000000490, '忘忧草', '周华健', '忘忧草 - 周华健.lrc', '2014-02-09 00:46:37', '忘忧草 - 周华健.mp3'),
(0000000491, '忘记你我做不到', '张学友', '忘记你我做不到 - 张学友.lrc', '2014-02-09 00:46:37', '忘记你我做不到 - 张学友.mp3'),
(0000000492, '忘词', '五月天', '忘词 - 五月天.lrc', '2014-02-09 00:46:37', '忘词 - 五月天.mp3'),
(0000000493, '忠孝东路走九遍', '动力火车', '忠孝东路走九遍 - 动力火车.lrc', '2014-02-09 00:46:37', '忠孝东路走九遍 - 动力火车.mp3'),
(0000000494, '快乐宝贝', '青春美少女', '快乐宝贝 - 青春美少女.lrc', '2014-02-09 00:46:37', '快乐宝贝 - 青春美少女.mp3'),
(0000000495, '快乐至上', '林志颖', '快乐至上 - 林志颖.lrc', '2014-02-09 00:46:37', '快乐至上 - 林志颖.mp3'),
(0000000496, '忽然之间', '莫文蔚', '忽然之间 - 莫文蔚.lrc', '2014-02-09 00:46:37', '忽然之间 - 莫文蔚.mp3'),
(0000000497, '怀念', '王菲', '怀念 - 王菲.lrc', '2014-02-09 00:46:37', '怀念 - 王菲.mp3'),
(0000000498, '怎样', '戴佩妮', '怎样 - 戴佩妮.lrc', '2014-02-09 00:46:37', '怎样 - 戴佩妮.mp3'),
(0000000499, '怒放的生命', '汪峰', '怒放的生命 - 汪峰.lrc', '2014-02-09 00:46:37', '怒放的生命 - 汪峰.mp3'),
(0000000500, '恋之风景', '林嘉欣', '恋之风景 - 林嘉欣.lrc', '2014-02-09 00:46:37', '恋之风景 - 林嘉欣.mp3'),
(0000000501, '恋人未满', 'S.H.E', '恋人未满 - S.H.E.lrc', '2014-02-09 00:46:37', '恋人未满 - S.H.E.mp3'),
(0000000502, '恋曲1980', '罗大佑', '恋曲1980 - 罗大佑.lrc', '2014-02-09 00:46:37', '恋曲1980 - 罗大佑.mp3'),
(0000000503, '恋爱Ing', '五月天', '恋爱Ing - 五月天.lrc', '2014-02-09 00:46:37', '恋爱Ing - 五月天.mp3'),
(0000000504, '情书', '张学友', '情书 - 张学友.lrc', '2014-02-09 00:46:37', '情书 - 张学友.mp3'),
(0000000505, '情人', '杜德伟', '情人 - 杜德伟.lrc', '2014-02-09 00:46:37', '情人 - 杜德伟.mp3'),
(0000000506, '情人劫', '老狼', '情人劫 - 老狼.lrc', '2014-02-09 00:46:37', '情人劫 - 老狼.mp3'),
(0000000507, '情人知己', '叶倩文', '情人知己 - 叶倩文.lrc', '2014-02-09 00:46:37', '情人知己 - 叶倩文.mp3'),
(0000000508, '情歌', '梁静茹', '情歌 - 梁静茹.lrc', '2014-02-09 00:46:37', '情歌 - 梁静茹.mp3'),
(0000000509, '想和你去吹吹风', '张学友', '想和你去吹吹风 - 张学友.lrc', '2014-02-09 00:46:37', '想和你去吹吹风 - 张学友.mp3'),
(0000000510, '想念你', '李健', '想念你 - 李健.lrc', '2014-02-09 00:46:37', '想念你 - 李健.mp3'),
(0000000511, '想念圣诞节', '萧亚轩', '想念圣诞节 - 萧亚轩.lrc', '2014-02-09 00:46:37', '想念圣诞节 - 萧亚轩.mp3'),
(0000000512, '想把我唱给你听', '老狼,小柯,曹芳,王筝', '想把我唱给你听 - 老狼,小柯,曹芳,王筝.lrc', '2014-02-09 00:46:37', '想把我唱给你听 - 老狼,小柯,曹芳,王筝.mp3'),
(0000000513, '想见你', '无印良品', '想见你 - 无印良品.lrc', '2014-02-09 00:46:37', '想见你 - 无印良品.mp3'),
(0000000514, '想起', '江美琪', '想起 - 江美琪.lrc', '2014-02-09 00:46:37', '想起 - 江美琪.mp3'),
(0000000515, '愿赌服输', '那英', '愿赌服输 - 那英.lrc', '2014-02-09 00:46:37', '愿赌服输 - 那英.mp3'),
(0000000516, '憨人', '五月天', '憨人 - 五月天.lrc', '2014-02-09 00:46:37', '憨人 - 五月天.mp3'),
(0000000517, '懂事', '孙燕姿', '懂事 - 孙燕姿.lrc', '2014-02-09 00:46:37', '懂事 - 孙燕姿.mp3'),
(0000000518, '懂你', '满文军', '懂你 - 满文军.lrc', '2014-02-09 00:46:37', '懂你 - 满文军.mp3'),
(0000000519, '戏梦', '林志颖', '戏梦 - 林志颖.lrc', '2014-02-09 00:46:37', '戏梦 - 林志颖.mp3'),
(0000000520, '我不想念', '刘若英', '我不想念 - 刘若英.lrc', '2014-02-09 00:46:37', '我不想念 - 刘若英.mp3'),
(0000000521, '我不配', '周杰伦', '我不配 - 周杰伦.lrc', '2014-02-09 00:46:37', '我不配 - 周杰伦.mp3'),
(0000000522, '我不难过', '孙燕姿', '我不难过 - 孙燕姿.lrc', '2014-02-09 00:46:37', '我不难过 - 孙燕姿.mp3'),
(0000000523, '我也不想这样', '王菲', '我也不想这样 - 王菲.lrc', '2014-02-09 00:46:37', '我也不想这样 - 王菲.mp3'),
(0000000524, '我也很想他', '孙燕姿', '我也很想他 - 孙燕姿.lrc', '2014-02-09 00:46:37', '我也很想他 - 孙燕姿.mp3'),
(0000000525, '我们', '许巍', '我们 - 许巍.lrc', '2014-02-09 00:46:37', '我们 - 许巍.mp3'),
(0000000526, '我们无处安放的青春', '佟大为', '我们无处安放的青春 - 佟大为.lrc', '2014-02-09 00:46:37', '我们无处安放的青春 - 佟大为.mp3'),
(0000000527, '我们没有在一起', '刘若英', '我们没有在一起 - 刘若英.lrc', '2014-02-09 00:46:37', '我们没有在一起 - 刘若英.mp3'),
(0000000528, '我们的寂寞', '萧亚轩', '我们的寂寞 - 萧亚轩.lrc', '2014-02-09 00:46:37', '我们的寂寞 - 萧亚轩.mp3'),
(0000000529, '我们的梦', '汪峰', '我们的梦 - 汪峰.lrc', '2014-02-09 00:46:37', '我们的梦 - 汪峰.mp3'),
(0000000530, '我们的歌', '王力宏', '我们的歌 - 王力宏.lrc', '2014-02-09 00:46:37', '我们的歌 - 王力宏.mp3'),
(0000000531, '我们的爱', '飞儿乐团', '我们的爱 - 飞儿乐团.lrc', '2014-02-09 00:46:37', '我们的爱 - 飞儿乐团.mp3'),
(0000000532, '我们的纪念日', '范玮琪', '我们的纪念日 - 范玮琪.lrc', '2014-02-09 00:46:37', '我们的纪念日 - 范玮琪.mp3'),
(0000000533, '我们能不能不分手', '花儿乐队', '我们能不能不分手 - 花儿乐队.lrc', '2014-02-09 00:46:37', '我们能不能不分手 - 花儿乐队.mp3'),
(0000000534, '我们都一样', '张杰', '我们都一样 - 张杰.lrc', '2014-02-09 00:46:37', '我们都一样 - 张杰.mp3'),
(0000000535, '我们都是好孩子', '王筝', '我们都是好孩子 - 王筝.lrc', '2014-02-09 00:46:37', '我们都是好孩子 - 王筝.mp3'),
(0000000536, '我会好好的', '王心凌', '我会好好的 - 王心凌.lrc', '2014-02-09 00:46:37', '我会好好的 - 王心凌.mp3'),
(0000000537, '我又初恋了', '五月天', '我又初恋了 - 五月天.lrc', '2014-02-09 00:46:37', '我又初恋了 - 五月天.mp3'),
(0000000538, '我可以抱你吗', '张惠妹', '我可以抱你吗 - 张惠妹.lrc', '2014-02-09 00:46:37', '我可以抱你吗 - 张惠妹.mp3'),
(0000000539, '我和自己的约会', '梁静茹', '我和自己的约会 - 梁静茹.lrc', '2014-02-09 00:46:37', '我和自己的约会 - 梁静茹.mp3'),
(0000000540, '我喜欢', '梁静茹', '我喜欢 - 梁静茹.lrc', '2014-02-09 00:46:37', '我喜欢 - 梁静茹.mp3'),
(0000000541, '我很好那么你呢？', '王心凌', '我很好那么你呢？ - 王心凌.lrc', '2014-02-09 00:46:37', '我很好那么你呢？ - 王心凌.mp3'),
(0000000542, '我很想爱他', 'Twins', '我很想爱他 - Twins.lrc', '2014-02-09 00:46:37', '我很想爱他 - Twins.mp3'),
(0000000543, '我心中尚未崩坏的地方', '五月天', '我心中尚未崩坏的地方 - 五月天.lrc', '2014-02-09 00:46:37', '我心中尚未崩坏的地方 - 五月天.mp3'),
(0000000544, '我怀念的', '孙燕姿', '我怀念的 - 孙燕姿.lrc', '2014-02-09 00:46:37', '我怀念的 - 孙燕姿.mp3'),
(0000000545, '我恋爱了', '张韶涵', '我恋爱了 - 张韶涵.lrc', '2014-02-09 00:46:37', '我恋爱了 - 张韶涵.mp3'),
(0000000546, '我想去桂林', '韩晓', '我想去桂林 - 韩晓.lrc', '2014-02-09 00:46:37', '我想去桂林 - 韩晓.mp3'),
(0000000547, '我想更懂你', '潘玮柏,苏芮', '我想更懂你 - 潘玮柏,苏芮.lrc', '2014-02-09 00:46:37', '我想更懂你 - 潘玮柏,苏芮.mp3'),
(0000000548, '我愿意', '王菲', '我愿意 - 王菲.lrc', '2014-02-09 00:46:37', '我愿意 - 王菲.mp3'),
(0000000549, '我找你找了好久', '无印良品', '我找你找了好久 - 无印良品.lrc', '2014-02-09 00:46:37', '我找你找了好久 - 无印良品.mp3'),
(0000000550, '我是一只小小鸟', '任贤齐', '我是一只小小鸟 - 任贤齐.lrc', '2014-02-09 00:46:37', '我是一只小小鸟 - 任贤齐.mp3'),
(0000000551, '我是一只鱼', '任贤齐', '我是一只鱼 - 任贤齐.lrc', '2014-02-09 00:46:37', '我是一只鱼 - 任贤齐.mp3'),
(0000000552, '我是不是该安静的走开', '郭富城', '我是不是该安静的走开 - 郭富城.lrc', '2014-02-09 00:46:37', '我是不是该安静的走开 - 郭富城.mp3'),
(0000000553, '我是女生', '徐怀钰', '我是女生 - 徐怀钰.lrc', '2014-02-09 00:46:37', '我是女生 - 徐怀钰.mp3'),
(0000000554, '我是真的爱你', '李宗盛', '我是真的爱你 - 李宗盛.lrc', '2014-02-09 00:46:37', '我是真的爱你 - 李宗盛.mp3'),
(0000000555, '我来自北京', '黎明', '我来自北京 - 黎明.lrc', '2014-02-09 00:46:37', '我来自北京 - 黎明.mp3'),
(0000000556, '我爱你', 'S.H.E', '我爱你 - S.H.E.lrc', '2014-02-09 00:46:37', '我爱你 - S.H.E.mp3'),
(0000000557, '我爱你那么多', '萧亚轩', '我爱你那么多 - 萧亚轩.lrc', '2014-02-09 00:46:37', '我爱你那么多 - 萧亚轩.mp3'),
(0000000558, '我爱洗澡', '范晓萱', '我爱洗澡 - 范晓萱.lrc', '2014-02-09 00:46:37', '我爱洗澡 - 范晓萱.mp3'),
(0000000559, '我用自己的方式爱你', '陈明真', '我用自己的方式爱你 - 陈明真.lrc', '2014-02-09 00:46:37', '我用自己的方式爱你 - 陈明真.mp3'),
(0000000560, '我的好心情', '苏有朋', '我的好心情 - 苏有朋.lrc', '2014-02-09 00:46:37', '我的好心情 - 苏有朋.mp3'),
(0000000561, '我的心太乱', '周传雄', '我的心太乱 - 周传雄.lrc', '2014-02-09 00:46:37', '我的心太乱 - 周传雄.mp3'),
(0000000562, '我的最爱', '张韶涵', '我的最爱 - 张韶涵.lrc', '2014-02-09 00:46:37', '我的最爱 - 张韶涵.mp3'),
(0000000563, '我的未来不是梦', '胡彦斌', '我的未来不是梦 - 胡彦斌.lrc', '2014-02-09 00:46:37', '我的未来不是梦 - 胡彦斌.mp3'),
(0000000564, '我的爱', '孙燕姿', '我的爱 - 孙燕姿.lrc', '2014-02-09 00:46:37', '我的爱 - 孙燕姿.mp3'),
(0000000565, '我的眼里只有你', '景岗山', '我的眼里只有你 - 景岗山.lrc', '2014-02-09 00:46:37', '我的眼里只有你 - 景岗山.mp3'),
(0000000566, '我等你', '刘若英', '我等你 - 刘若英.lrc', '2014-02-09 00:46:37', '我等你 - 刘若英.mp3'),
(0000000567, '我等到花儿也谢了', '张学友', '我等到花儿也谢了 - 张学友.lrc', '2014-02-09 00:46:37', '我等到花儿也谢了 - 张学友.mp3'),
(0000000568, '我被青春撞了一下腰', '张真', '我被青春撞了一下腰 - 张真.lrc', '2014-02-09 00:46:37', '我被青春撞了一下腰 - 张真.mp3'),
(0000000569, '我要的幸福', '孙燕姿', '我要的幸福 - 孙燕姿.lrc', '2014-02-09 00:46:37', '我要的幸福 - 孙燕姿.mp3'),
(0000000570, '我要钱', '张震岳', '我要钱 - 张震岳.lrc', '2014-02-09 00:46:37', '我要钱 - 张震岳.mp3'),
(0000000571, '我还想她', '林俊杰', '我还想她 - 林俊杰.lrc', '2014-02-09 00:46:37', '我还想她 - 林俊杰.mp3'),
(0000000572, '手心的太阳', '张韶涵', '手心的太阳 - 张韶涵.lrc', '2014-02-09 00:46:37', '手心的太阳 - 张韶涵.mp3'),
(0000000573, '手放开', '李圣杰', '手放开 - 李圣杰.lrc', '2014-02-09 00:46:37', '手放开 - 李圣杰.mp3'),
(0000000574, '打错了', '王菲', '打错了 - 王菲.lrc', '2014-02-09 00:46:37', '打错了 - 王菲.mp3'),
(0000000575, '执着', '许巍', '执着 - 许巍.lrc', '2014-02-09 00:46:37', '执着 - 许巍.mp3'),
(0000000576, '执迷不悔 (国语版)', '王菲', '执迷不悔 (国语版) - 王菲.lrc', '2014-02-09 00:46:37', '执迷不悔 (国语版) - 王菲.mp3'),
(0000000577, '执迷不悔', '王菲', '执迷不悔 - 王菲.lrc', '2014-02-09 00:46:37', '执迷不悔 - 王菲.mp3'),
(0000000578, '找一个字代替', '邰正宵', '找一个字代替 - 邰正宵.lrc', '2014-02-09 00:46:37', '找一个字代替 - 邰正宵.mp3'),
(0000000579, '找自己', '陶喆', '找自己 - 陶喆.lrc', '2014-02-09 00:46:37', '找自己 - 陶喆.mp3'),
(0000000580, '把耳朵叫醒', '金海心', '把耳朵叫醒 - 金海心.lrc', '2014-02-09 00:46:37', '把耳朵叫醒 - 金海心.mp3'),
(0000000581, '抚仙湖', '李健', '抚仙湖 - 李健.lrc', '2014-02-09 00:46:37', '抚仙湖 - 李健.mp3'),
(0000000582, '抛物线', '蔡健雅', '抛物线 - 蔡健雅.lrc', '2014-02-09 00:46:37', '抛物线 - 蔡健雅.mp3'),
(0000000583, '拥抱', '五月天', '拥抱 - 五月天.lrc', '2014-02-09 00:46:37', '拥抱 - 五月天.mp3'),
(0000000584, '指望', '郁可唯', '指望 - 郁可唯.lrc', '2014-02-09 00:46:37', '指望 - 郁可唯.mp3'),
(0000000585, '挪威的森林', '伍佰', '挪威的森林 - 伍佰.lrc', '2014-02-09 00:46:37', '挪威的森林 - 伍佰.mp3'),
(0000000586, '掉了', '张惠妹', '掉了 - 张惠妹.lrc', '2014-02-09 00:46:37', '掉了 - 张惠妹.mp3'),
(0000000587, '掌心', '无印良品', '掌心 - 无印良品.lrc', '2014-02-09 00:46:37', '掌心 - 无印良品.mp3'),
(0000000588, '搁浅', '周杰伦', '搁浅 - 周杰伦.lrc', '2014-02-09 00:46:37', '搁浅 - 周杰伦.mp3'),
(0000000589, '摘下满天星', '郑少秋', '摘下满天星 - 郑少秋.lrc', '2014-02-09 00:46:37', '摘下满天星 - 郑少秋.mp3'),
(0000000590, '撕夜', '阿杜', '撕夜 - 阿杜.lrc', '2014-02-09 00:46:37', '撕夜 - 阿杜.mp3'),
(0000000591, '擦身而过', '林心如', '擦身而过 - 林心如.lrc', '2014-02-09 00:46:37', '擦身而过 - 林心如.mp3'),
(0000000592, '改变自己', '王力宏', '改变自己 - 王力宏.lrc', '2014-02-09 00:46:37', '改变自己 - 王力宏.mp3'),
(0000000593, '放开你的心', '王力宏', '放开你的心 - 王力宏.lrc', '2014-02-09 00:46:37', '放开你的心 - 王力宏.mp3'),
(0000000594, '放手', '阿杜', '放手 - 阿杜.lrc', '2014-02-09 00:46:37', '放手 - 阿杜.mp3'),
(0000000595, '放生', '范逸臣', '放生 - 范逸臣.lrc', '2014-02-09 00:46:37', '放生 - 范逸臣.mp3'),
(0000000596, '故乡', '许巍', '故乡 - 许巍.lrc', '2014-02-09 00:46:37', '故乡 - 许巍.mp3'),
(0000000597, '故乡山川', '李健', '故乡山川 - 李健.lrc', '2014-02-09 00:46:37', '故乡山川 - 李健.mp3'),
(0000000598, '故事', '红孩儿', '故事 - 红孩儿.lrc', '2014-02-09 00:46:37', '故事 - 红孩儿.mp3'),
(0000000599, '故事就是故事', '戴娆', '故事就是故事 - 戴娆.lrc', '2014-02-09 00:46:37', '故事就是故事 - 戴娆.mp3'),
(0000000600, '斗牛', '周杰伦', '斗牛 - 周杰伦.lrc', '2014-02-09 00:46:37', '斗牛 - 周杰伦.mp3'),
(0000000601, '断了的弦', '周杰伦', '断了的弦 - 周杰伦.lrc', '2014-02-09 00:46:37', '断了的弦 - 周杰伦.mp3'),
(0000000602, '新房客', '王菲', '新房客 - 王菲.lrc', '2014-02-09 00:46:37', '新房客 - 王菲.mp3'),
(0000000603, '新鲜', '梁咏琪', '新鲜 - 梁咏琪.lrc', '2014-02-09 00:46:37', '新鲜 - 梁咏琪.mp3'),
(0000000604, '新鸳鸯蝴蝶梦', '黄安', '新鸳鸯蝴蝶梦 - 黄安.lrc', '2014-02-09 00:46:37', '新鸳鸯蝴蝶梦 - 黄安.mp3'),
(0000000605, '旅行', '许巍', '旅行 - 许巍.lrc', '2014-02-09 00:46:37', '旅行 - 许巍.mp3'),
(0000000606, '旋木', '王菲', '旋木 - 王菲.lrc', '2014-02-09 00:46:37', '旋木 - 王菲.mp3'),
(0000000607, '无可取代', 'S.H.E', '无可取代 - S.H.E.lrc', '2014-02-09 00:46:37', '无可取代 - S.H.E.mp3'),
(0000000608, '无底洞', '蔡健雅', '无底洞 - 蔡健雅.lrc', '2014-02-09 00:46:37', '无底洞 - 蔡健雅.mp3'),
(0000000609, '无情的情书', '动力火车', '无情的情书 - 动力火车.lrc', '2014-02-09 00:46:37', '无情的情书 - 动力火车.mp3'),
(0000000610, '无条件为你', '梁静茹', '无条件为你 - 梁静茹.lrc', '2014-02-09 00:46:37', '无条件为你 - 梁静茹.mp3'),
(0000000611, '日光倾城', '卡奇社', '日光倾城 - 卡奇社.lrc', '2014-02-09 00:46:37', '日光倾城 - 卡奇社.mp3'),
(0000000612, '旧梦不须记', '雷安娜', '旧梦不须记 - 雷安娜.lrc', '2014-02-09 00:46:37', '旧梦不须记 - 雷安娜.mp3'),
(0000000613, '时光', '许巍', '时光 - 许巍.lrc', '2014-02-09 00:46:37', '时光 - 许巍.mp3'),
(0000000614, '时光倒流二十年', '陈奕迅', '时光倒流二十年 - 陈奕迅.lrc', '2014-02-09 00:46:37', '时光倒流二十年 - 陈奕迅.mp3'),
(0000000615, '时光机', '五月天', '时光机 - 五月天.lrc', '2014-02-09 00:46:37', '时光机 - 五月天.mp3'),
(0000000616, '明天过后', '张杰', '明天过后 - 张杰.lrc', '2014-02-09 00:46:37', '明天过后 - 张杰.mp3'),
(0000000617, '明年今日', '陈奕迅', '明年今日 - 陈奕迅.lrc', '2014-02-09 00:46:37', '明年今日 - 陈奕迅.mp3'),
(0000000618, '明明白白我的心', '成龙', '明明白白我的心 - 成龙.lrc', '2014-02-09 00:46:37', '明明白白我的心 - 成龙.mp3'),
(0000000619, '星星', 'Vitas', '星星 - Vitas.lrc', '2014-02-09 00:46:37', '星星 - Vitas.mp3'),
(0000000620, '星星的约会', '小虎队', '星星的约会 - 小虎队.lrc', '2014-02-09 00:46:37', '星星的约会 - 小虎队.mp3'),
(0000000621, '星星知我心', '蔡幸娟', '星星知我心 - 蔡幸娟.lrc', '2014-02-09 00:46:37', '星星知我心 - 蔡幸娟.mp3'),
(0000000622, '星晴', '周杰伦', '星晴 - 周杰伦.lrc', '2014-02-09 00:46:37', '星晴 - 周杰伦.mp3'),
(0000000623, '春去春又回', '含笑', '春去春又回 - 含笑.lrc', '2014-02-09 00:46:37', '春去春又回 - 含笑.mp3'),
(0000000624, '春天花会开', '任贤齐', '春天花会开 - 任贤齐.lrc', '2014-02-09 00:46:37', '春天花会开 - 任贤齐.mp3'),
(0000000625, '春天里', '汪峰', '春天里 - 汪峰.lrc', '2014-02-09 00:46:37', '春天里 - 汪峰.mp3'),
(0000000626, '春泥', '庾澄庆', '春泥 - 庾澄庆.lrc', '2014-02-09 00:46:37', '春泥 - 庾澄庆.mp3'),
(0000000627, '春雨里洗过的太阳', '王力宏', '春雨里洗过的太阳 - 王力宏.lrc', '2014-02-09 00:46:37', '春雨里洗过的太阳 - 王力宏.mp3'),
(0000000628, '春风吻上我的脸', '凤飞飞', '春风吻上我的脸 - 凤飞飞.lrc', '2014-02-09 00:46:37', '春风吻上我的脸 - 凤飞飞.mp3'),
(0000000629, '昨天今天明天', '侯湘婷,吴克群', '昨天今天明天 - 侯湘婷,吴克群.lrc', '2014-02-09 00:46:37', '昨天今天明天 - 侯湘婷,吴克群.mp3'),
(0000000630, '是非题', '范玮琪', '是非题 - 范玮琪.lrc', '2014-02-09 00:46:37', '是非题 - 范玮琪.mp3'),
(0000000631, '普通朋友', '陶喆', '普通朋友 - 陶喆.lrc', '2014-02-09 00:46:37', '普通朋友 - 陶喆.mp3'),
(0000000632, '晴天', '周杰伦', '晴天 - 周杰伦.lrc', '2014-02-09 00:46:37', '晴天 - 周杰伦.mp3'),
(0000000633, '晴朗', '许巍', '晴朗 - 许巍.lrc', '2014-02-09 00:46:37', '晴朗 - 许巍.mp3'),
(0000000634, '暖心', '郁可唯', '暖心 - 郁可唯.lrc', '2014-02-09 00:46:37', '暖心 - 郁可唯.mp3'),
(0000000635, '暖暖', '梁静茹', '暖暖 - 梁静茹.lrc', '2014-02-09 00:46:37', '暖暖 - 梁静茹.mp3'),
(0000000636, '暗号', '周杰伦', '暗号 - 周杰伦.lrc', '2014-02-09 00:46:37', '暗号 - 周杰伦.mp3'),
(0000000637, '暗恋', '罗百吉', '暗恋 - 罗百吉.lrc', '2014-02-09 00:46:37', '暗恋 - 罗百吉.mp3'),
(0000000638, '暗涌', '王菲', '暗涌 - 王菲.lrc', '2014-02-09 00:46:37', '暗涌 - 王菲.mp3'),
(0000000639, '暧昧', '王菲', '暧昧 - 王菲.lrc', '2014-02-09 00:46:37', '暧昧 - 王菲.mp3'),
(0000000640, '曾经爱过', '张信哲', '曾经爱过 - 张信哲.lrc', '2014-02-09 00:46:37', '曾经爱过 - 张信哲.mp3'),
(0000000641, '曾经的你', '许巍', '曾经的你 - 许巍.lrc', '2014-02-09 00:46:37', '曾经的你 - 许巍.mp3'),
(0000000642, '最佳损友', '陈奕迅', '最佳损友 - 陈奕迅.lrc', '2014-02-09 00:46:37', '最佳损友 - 陈奕迅.mp3'),
(0000000643, '最初的梦想', '范玮琪', '最初的梦想 - 范玮琪.lrc', '2014-02-09 00:46:37', '最初的梦想 - 范玮琪.mp3'),
(0000000644, '最想环游的世界', '梁静茹', '最想环游的世界 - 梁静茹.lrc', '2014-02-09 00:46:37', '最想环游的世界 - 梁静茹.mp3'),
(0000000645, '最熟悉的陌生人', '萧亚轩', '最熟悉的陌生人 - 萧亚轩.lrc', '2014-02-09 00:46:37', '最熟悉的陌生人 - 萧亚轩.mp3'),
(0000000646, '最爱的人伤我最深', '张惠妹', '最爱的人伤我最深 - 张惠妹.lrc', '2014-02-09 00:46:37', '最爱的人伤我最深 - 张惠妹.mp3'),
(0000000647, '最近', '李圣杰', '最近 - 李圣杰.lrc', '2014-02-09 00:46:37', '最近 - 李圣杰.mp3'),
(0000000648, '最重要的小事', '五月天', '最重要的小事 - 五月天.lrc', '2014-02-09 00:46:37', '最重要的小事 - 五月天.mp3'),
(0000000649, '最长的电影', '周杰伦', '最长的电影 - 周杰伦.lrc', '2014-02-09 00:46:37', '最长的电影 - 周杰伦.mp3'),
(0000000650, '月亮代表谁的心', '陶喆', '月亮代表谁的心 - 陶喆.lrc', '2014-02-09 00:46:37', '月亮代表谁的心 - 陶喆.mp3'),
(0000000651, '月光倾城', '老狼', '月光倾城 - 老狼.lrc', '2014-02-09 00:46:37', '月光倾城 - 老狼.mp3'),
(0000000652, '月牙湾', '飞儿乐团', '月牙湾 - 飞儿乐团.lrc', '2014-02-09 00:46:37', '月牙湾 - 飞儿乐团.mp3'),
(0000000653, '有你真好', '范玮琪,杨丞琳', '有你真好 - 范玮琪,杨丞琳.lrc', '2014-02-09 00:46:37', '有你真好 - 范玮琪,杨丞琳.mp3'),
(0000000654, '有多远就走多远', '老狼', '有多远就走多远 - 老狼.lrc', '2014-02-09 00:46:37', '有多远就走多远 - 老狼.mp3'),
(0000000655, '有时爱情徒有虚名', '王菲', '有时爱情徒有虚名 - 王菲.lrc', '2014-02-09 00:46:37', '有时爱情徒有虚名 - 王菲.mp3'),
(0000000656, '朋友别哭', '刘芳', '朋友别哭 - 刘芳.lrc', '2014-02-09 00:46:37', '朋友别哭 - 刘芳.mp3'),
(0000000657, '朋友的朋友', '江美琪', '朋友的朋友 - 江美琪.lrc', '2014-02-09 00:46:37', '朋友的朋友 - 江美琪.mp3'),
(0000000658, '木槿花', '袁泉', '木槿花 - 袁泉.lrc', '2014-02-09 00:46:37', '木槿花 - 袁泉.mp3'),
(0000000659, '杀手', '林俊杰', '杀手 - 林俊杰.lrc', '2014-02-09 00:46:37', '杀手 - 林俊杰.mp3'),
(0000000660, '杀破狼', 'Js', '杀破狼 - Js.lrc', '2014-02-09 00:46:37', '杀破狼 - Js.mp3'),
(0000000661, '李雷和韩梅梅', '徐誉滕', '李雷和韩梅梅 - 徐誉滕.lrc', '2014-02-09 00:46:37', '李雷和韩梅梅 - 徐誉滕.mp3'),
(0000000662, '来不及', '朴树', '来不及 - 朴树.lrc', '2014-02-09 00:46:37', '来不及 - 朴树.mp3'),
(0000000663, '来生缘', '刘德华', '来生缘 - 刘德华.lrc', '2014-02-09 00:46:37', '来生缘 - 刘德华.mp3'),
(0000000664, '枫', '周杰伦', '枫 - 周杰伦.lrc', '2014-02-09 00:46:37', '枫 - 周杰伦.mp3'),
(0000000665, '柠檬树', '倪雅丰', '柠檬树 - 倪雅丰.lrc', '2014-02-09 00:46:37', '柠檬树 - 倪雅丰.mp3'),
(0000000666, '柴米油盐酱醋茶', '王力宏', '柴米油盐酱醋茶 - 王力宏.lrc', '2014-02-09 00:46:37', '柴米油盐酱醋茶 - 王力宏.mp3'),
(0000000667, '栀子花开', '何炅', '栀子花开 - 何炅.lrc', '2014-02-09 00:46:37', '栀子花开 - 何炅.mp3'),
(0000000668, '梦一场', '那英', '梦一场 - 那英.lrc', '2014-02-09 00:46:37', '梦一场 - 那英.mp3'),
(0000000669, '梦不落', '孙燕姿', '梦不落 - 孙燕姿.lrc', '2014-02-09 00:46:37', '梦不落 - 孙燕姿.mp3'),
(0000000670, '梦中人', '王菲', '梦中人 - 王菲.lrc', '2014-02-09 00:46:37', '梦中人 - 王菲.mp3'),
(0000000671, '梦醒了', '那英', '梦醒了 - 那英.lrc', '2014-02-09 00:46:37', '梦醒了 - 那英.mp3'),
(0000000672, '梦醒时分', '陈淑桦', '梦醒时分 - 陈淑桦.lrc', '2014-02-09 00:46:37', '梦醒时分 - 陈淑桦.mp3'),
(0000000673, '梦里花', '张韶涵', '梦里花 - 张韶涵.lrc', '2014-02-09 00:46:37', '梦里花 - 张韶涵.mp3'),
(0000000674, '棋子', '王菲', '棋子 - 王菲.lrc', '2014-02-09 00:46:37', '棋子 - 王菲.mp3'),
(0000000675, '橘子红了', '黄磊', '橘子红了 - 黄磊.lrc', '2014-02-09 00:46:37', '橘子红了 - 黄磊.mp3'),
(0000000676, '橘子香水', '任贤齐', '橘子香水 - 任贤齐.lrc', '2014-02-09 00:46:37', '橘子香水 - 任贤齐.mp3'),
(0000000677, '欧若拉', '张韶涵', '欧若拉 - 张韶涵.lrc', '2014-02-09 00:46:37', '欧若拉 - 张韶涵.mp3'),
(0000000678, '每一天都不同', '郭静', '每一天都不同 - 郭静.lrc', '2014-02-09 00:46:37', '每一天都不同 - 郭静.mp3'),
(0000000679, '每次都想呼喊你的名字', '张学友', '每次都想呼喊你的名字 - 张学友.lrc', '2014-02-09 00:46:37', '每次都想呼喊你的名字 - 张学友.mp3'),
(0000000680, '比我幸福', '陈晓东', '比我幸福 - 陈晓东.lrc', '2014-02-09 00:46:37', '比我幸福 - 陈晓东.mp3'),
(0000000681, '水手', '郑智化', '水手 - 郑智化.lrc', '2014-02-09 00:46:37', '水手 - 郑智化.mp3'),
(0000000682, '永不退缩', '任贤齐', '永不退缩 - 任贤齐.lrc', '2014-02-09 00:46:37', '永不退缩 - 任贤齐.mp3'),
(0000000683, '江南', '林俊杰', '江南 - 林俊杰.lrc', '2014-02-09 00:46:37', '江南 - 林俊杰.mp3'),
(0000000684, '沙滩', '蔡健雅', '沙滩 - 蔡健雅.lrc', '2014-02-09 00:46:37', '沙滩 - 蔡健雅.mp3'),
(0000000685, '没有什么不可以', '零点乐队', '没有什么不可以 - 零点乐队.lrc', '2014-02-09 00:46:37', '没有什么不可以 - 零点乐队.mp3'),
(0000000686, '没有我你怎么办', '何润东', '没有我你怎么办 - 何润东.lrc', '2014-02-09 00:46:37', '没有我你怎么办 - 何润东.mp3'),
(0000000687, '没那么爱他', '范玮琪', '没那么爱他 - 范玮琪.lrc', '2014-02-09 00:46:37', '没那么爱他 - 范玮琪.mp3'),
(0000000688, '没那种命', '陈小春', '没那种命 - 陈小春.lrc', '2014-02-09 00:46:37', '没那种命 - 陈小春.mp3'),
(0000000689, '河滨公园', 'S.H.E', '河滨公园 - S.H.E.lrc', '2014-02-09 00:46:37', '河滨公园 - S.H.E.mp3'),
(0000000690, '泪光闪烁', '飞儿乐团', '泪光闪烁 - 飞儿乐团.lrc', '2014-02-09 00:46:37', '泪光闪烁 - 飞儿乐团.mp3'),
(0000000691, '流年', '王菲', '流年 - 王菲.lrc', '2014-02-09 00:46:37', '流年 - 王菲.mp3'),
(0000000692, '流星雨', 'F4', '流星雨 - F4.lrc', '2014-02-09 00:46:37', '流星雨 - F4.mp3'),
(0000000693, '流泪手心', '王力宏', '流泪手心 - 王力宏.lrc', '2014-02-09 00:46:37', '流泪手心 - 王力宏.mp3'),
(0000000694, '流浪的小孩', '伊能静', '流浪的小孩 - 伊能静.lrc', '2014-02-09 00:46:37', '流浪的小孩 - 伊能静.mp3'),
(0000000695, '流着泪的你的脸', '任贤齐', '流着泪的你的脸 - 任贤齐.lrc', '2014-02-09 00:46:37', '流着泪的你的脸 - 任贤齐.mp3'),
(0000000696, '浪漫手机', '周杰伦', '浪漫手机 - 周杰伦.lrc', '2014-02-09 00:46:37', '浪漫手机 - 周杰伦.mp3'),
(0000000697, '浮云', '张韶涵', '浮云 - 张韶涵.lrc', '2014-02-09 00:46:37', '浮云 - 张韶涵.mp3'),
(0000000698, '浮夸', '陈奕迅', '浮夸 - 陈奕迅.lrc', '2014-02-09 00:46:37', '浮夸 - 陈奕迅.mp3'),
(0000000699, '海阔天空', 'Beyond', '海阔天空 - Beyond.lrc', '2014-02-09 00:46:37', '海阔天空 - Beyond.mp3'),
(0000000700, '淘汰', '陈奕迅', '淘汰 - 陈奕迅.lrc', '2014-02-09 00:46:37', '淘汰 - 陈奕迅.mp3'),
(0000000701, '渡情', '左宏元,张慧清', '渡情 - 左宏元,张慧清.lrc', '2014-02-09 00:46:37', '渡情 - 左宏元,张慧清.mp3'),
(0000000702, '温暖', '许巍', '温暖 - 许巍.lrc', '2014-02-09 00:46:37', '温暖 - 许巍.mp3'),
(0000000703, '温柔坏男人', '柯受良', '温柔坏男人 - 柯受良.lrc', '2014-02-09 00:46:37', '温柔坏男人 - 柯受良.mp3'),
(0000000704, '渴望', '辛晓琪', '渴望 - 辛晓琪.lrc', '2014-02-09 00:46:37', '渴望 - 辛晓琪.mp3'),
(0000000705, '潇洒的走', '动力火车', '潇洒的走 - 动力火车.lrc', '2014-02-09 00:46:37', '潇洒的走 - 动力火车.mp3'),
(0000000706, '潇洒走一回', '叶倩文', '潇洒走一回 - 叶倩文.lrc', '2014-02-09 00:46:37', '潇洒走一回 - 叶倩文.mp3'),
(0000000707, '火柴天堂', '熊天平', '火柴天堂 - 熊天平.lrc', '2014-02-09 00:46:37', '火柴天堂 - 熊天平.mp3'),
(0000000708, '火热的心', '林志颖', '火热的心 - 林志颖.lrc', '2014-02-09 00:46:37', '火热的心 - 林志颖.mp3'),
(0000000709, '火花', '高耀太', '火花 - 高耀太.lrc', '2014-02-09 00:46:37', '火花 - 高耀太.mp3'),
(0000000710, '火车叨位去', '周杰伦', '火车叨位去 - 周杰伦.lrc', '2014-02-09 00:46:37', '火车叨位去 - 周杰伦.mp3'),
(0000000711, '火车开往冬天', '朴树', '火车开往冬天 - 朴树.lrc', '2014-02-09 00:46:37', '火车开往冬天 - 朴树.mp3'),
(0000000712, '灰色的彩虹', '范玮琪', '灰色的彩虹 - 范玮琪.lrc', '2014-02-09 00:46:37', '灰色的彩虹 - 范玮琪.mp3'),
(0000000713, '热浪', '温岚', '热浪 - 温岚.lrc', '2014-02-09 00:46:37', '热浪 - 温岚.mp3'),
(0000000714, '然后', '萧亚轩,倪子冈', '然后 - 萧亚轩,倪子冈.lrc', '2014-02-09 00:46:37', '然后 - 萧亚轩,倪子冈.mp3'),
(0000000715, '熟能生巧', '林俊杰', '熟能生巧 - 林俊杰.lrc', '2014-02-09 00:46:37', '熟能生巧 - 林俊杰.mp3'),
(0000000716, '爱', '小虎队', '爱 - 小虎队.lrc', '2014-02-09 00:46:37', '爱 - 小虎队.mp3'),
(0000000717, '爱上你等于爱上寂寞', '那英', '爱上你等于爱上寂寞 - 那英.lrc', '2014-02-09 00:46:37', '爱上你等于爱上寂寞 - 那英.mp3'),
(0000000718, '爱你不是两三天', '梁静茹', '爱你不是两三天 - 梁静茹.lrc', '2014-02-09 00:46:37', '爱你不是两三天 - 梁静茹.mp3'),
(0000000719, '爱到永远', '臧天朔', '爱到永远 - 臧天朔.lrc', '2014-02-09 00:46:37', '爱到永远 - 臧天朔.mp3'),
(0000000720, '爱因为在心中', '王力宏', '爱因为在心中 - 王力宏.lrc', '2014-02-09 00:46:37', '爱因为在心中 - 王力宏.mp3'),
(0000000721, '爱在西元前', '周杰伦', '爱在西元前 - 周杰伦.lrc', '2014-02-09 00:46:37', '爱在西元前 - 周杰伦.mp3'),
(0000000722, '爱如潮水', '张信哲', '爱如潮水 - 张信哲.lrc', '2014-02-09 00:46:37', '爱如潮水 - 张信哲.mp3'),
(0000000723, '爱情', '张智成,江美琪', '爱情 - 张智成,江美琪.lrc', '2014-02-09 00:46:37', '爱情 - 张智成,江美琪.mp3'),
(0000000724, '爱情悬崖', '周杰伦', '爱情悬崖 - 周杰伦.lrc', '2014-02-09 00:46:37', '爱情悬崖 - 周杰伦.mp3'),
(0000000725, '爱情旅程', '张韶涵', '爱情旅程 - 张韶涵.lrc', '2014-02-09 00:46:37', '爱情旅程 - 张韶涵.mp3'),
(0000000726, '爱情没有那么美', '古皓', '爱情没有那么美 - 古皓.lrc', '2014-02-09 00:46:37', '爱情没有那么美 - 古皓.mp3'),
(0000000727, '爱情的模样', '五月天', '爱情的模样 - 五月天.lrc', '2014-02-09 00:46:37', '爱情的模样 - 五月天.mp3'),
(0000000728, '爱情的海洋', 'S.H.E', '爱情的海洋 - S.H.E.lrc', '2014-02-09 00:46:37', '爱情的海洋 - S.H.E.mp3'),
(0000000729, '爱情证书', '孙燕姿', '爱情证书 - 孙燕姿.lrc', '2014-02-09 00:46:37', '爱情证书 - 孙燕姿.mp3'),
(0000000730, '爱情转移', '陈奕迅', '爱情转移 - 陈奕迅.lrc', '2014-02-09 00:46:37', '爱情转移 - 陈奕迅.mp3'),
(0000000731, '爱情鸟', '林依轮', '爱情鸟 - 林依轮.lrc', '2014-02-09 00:46:37', '爱情鸟 - 林依轮.mp3'),
(0000000732, '爱我', '柯以敏', '爱我 - 柯以敏.lrc', '2014-02-09 00:46:37', '爱我 - 柯以敏.mp3'),
(0000000733, '爱我别走', '张震岳', '爱我别走 - 张震岳.lrc', '2014-02-09 00:46:37', '爱我别走 - 张震岳.mp3'),
(0000000734, '爱我的资格', 'S.H.E', '爱我的资格 - S.H.E.lrc', '2014-02-09 00:46:37', '爱我的资格 - S.H.E.mp3'),
(0000000735, '爱我还是他', '陶喆', '爱我还是他 - 陶喆.lrc', '2014-02-09 00:46:37', '爱我还是他 - 陶喆.mp3'),
(0000000736, '爱有路可退', '飞儿乐团', '爱有路可退 - 飞儿乐团.lrc', '2014-02-09 00:46:37', '爱有路可退 - 飞儿乐团.mp3'),
(0000000737, '爱江山更爱美人', '李丽芬', '爱江山更爱美人 - 李丽芬.lrc', '2014-02-09 00:46:37', '爱江山更爱美人 - 李丽芬.mp3'),
(0000000738, '爱的代价', '张艾嘉', '爱的代价 - 张艾嘉.lrc', '2014-02-09 00:46:37', '爱的代价 - 张艾嘉.mp3'),
(0000000739, '爱的初体验', '张震岳', '爱的初体验 - 张震岳.lrc', '2014-02-09 00:46:37', '爱的初体验 - 张震岳.mp3'),
(0000000740, '爱的可能', '叶倩文', '爱的可能 - 叶倩文.lrc', '2014-02-09 00:46:37', '爱的可能 - 叶倩文.mp3'),
(0000000741, '爱的就是你', '王力宏', '爱的就是你 - 王力宏.lrc', '2014-02-09 00:46:37', '爱的就是你 - 王力宏.mp3'),
(0000000742, '爱的路上只有我和你', '任贤齐', '爱的路上只有我和你 - 任贤齐.lrc', '2014-02-09 00:46:37', '爱的路上只有我和你 - 任贤齐.mp3'),
(0000000743, '爱的鼓励', '王力宏', '爱的鼓励 - 王力宏.lrc', '2014-02-09 00:46:37', '爱的鼓励 - 王力宏.mp3'),
(0000000744, '爷爷泡的茶', '周杰伦', '爷爷泡的茶 - 周杰伦.lrc', '2014-02-09 00:46:37', '爷爷泡的茶 - 周杰伦.mp3'),
(0000000745, '牛仔很忙', '周杰伦', '牛仔很忙 - 周杰伦.lrc', '2014-02-09 00:46:37', '牛仔很忙 - 周杰伦.mp3'),
(0000000746, '牵挂你的人是我', '高林生', '牵挂你的人是我 - 高林生.lrc', '2014-02-09 00:46:37', '牵挂你的人是我 - 高林生.mp3'),
(0000000747, '牵挂你的我', '林志颖', '牵挂你的我 - 林志颖.lrc', '2014-02-09 00:46:37', '牵挂你的我 - 林志颖.mp3'),
(0000000748, '独家记忆(国)', '陈小春', '独家记忆(国) - 陈小春.lrc', '2014-02-09 00:46:37', '独家记忆(国) - 陈小春.mp3'),
(0000000749, '猜不透', '张韶涵', '猜不透 - 张韶涵.lrc', '2014-02-09 00:46:37', '猜不透 - 张韶涵.mp3'),
(0000000750, '猜心', '万芳', '猜心 - 万芳.lrc', '2014-02-09 00:46:37', '猜心 - 万芳.mp3'),
(0000000751, '珊瑚海', '周杰伦,Lara', '珊瑚海 - 周杰伦,Lara.lrc', '2014-02-09 00:46:37', '珊瑚海 - 周杰伦,Lara.mp3'),
(0000000752, '甜甜小妹', '杨钰莹', '甜甜小妹 - 杨钰莹.lrc', '2014-02-09 00:46:37', '甜甜小妹 - 杨钰莹.mp3'),
(0000000753, '甜甜的', '周杰伦', '甜甜的 - 周杰伦.lrc', '2014-02-09 00:46:37', '甜甜的 - 周杰伦.mp3'),
(0000000754, '生如夏花', '朴树', '生如夏花 - 朴树.lrc', '2014-02-09 00:46:37', '生如夏花 - 朴树.mp3'),
(0000000755, '男人Ktv', '胡彦斌', '男人Ktv - 胡彦斌.lrc', '2014-02-09 00:46:37', '男人Ktv - 胡彦斌.mp3'),
(0000000756, '男人女人', '许茹芸,阿穆隆', '男人女人 - 许茹芸,阿穆隆.lrc', '2014-02-09 00:46:37', '男人女人 - 许茹芸,阿穆隆.mp3'),
(0000000757, '男儿当自强', '成龙', '男儿当自强 - 成龙.lrc', '2014-02-09 00:46:37', '男儿当自强 - 成龙.mp3'),
(0000000758, '疯了', '阿桑', '疯了 - 阿桑.lrc', '2014-02-09 00:46:37', '疯了 - 阿桑.mp3'),
(0000000759, '疯狂世界', '五月天', '疯狂世界 - 五月天.lrc', '2014-02-09 00:46:37', '疯狂世界 - 五月天.mp3'),
(0000000760, '疼你的责任', '品冠', '疼你的责任 - 品冠.lrc', '2014-02-09 00:46:37', '疼你的责任 - 品冠.mp3'),
(0000000761, '痛快', 'S.H.E', '痛快 - S.H.E.lrc', '2014-02-09 00:46:37', '痛快 - S.H.E.mp3'),
(0000000762, '痴心换情深', '周慧敏', '痴心换情深 - 周慧敏.lrc', '2014-02-09 00:46:37', '痴心换情深 - 周慧敏.mp3');
INSERT INTO `musicrec_song` (`id`, `title`, `singer`, `lyrics`, `time`, `path`) VALUES
(0000000763, '白天不懂夜的黑', '那英', '白天不懂夜的黑 - 那英.lrc', '2014-02-09 00:46:37', '白天不懂夜的黑 - 那英.mp3'),
(0000000764, '白桦林', '朴树', '白桦林 - 朴树.lrc', '2014-02-09 00:46:37', '白桦林 - 朴树.mp3'),
(0000000765, '白狐', '碧娜', '白狐 - 碧娜.lrc', '2014-02-09 00:46:37', '白狐 - 碧娜.mp3'),
(0000000766, '白白的', '张韶涵', '白白的 - 张韶涵.lrc', '2014-02-09 00:46:37', '白白的 - 张韶涵.mp3'),
(0000000767, '白色风车', '周杰伦', '白色风车 - 周杰伦.lrc', '2014-02-09 00:46:37', '白色风车 - 周杰伦.mp3'),
(0000000768, '百姓的事儿牵着走', '戴娆', '百姓的事儿牵着走 - 戴娆.lrc', '2014-02-09 00:46:37', '百姓的事儿牵着走 - 戴娆.mp3'),
(0000000769, '盛夏的果实', '莫文蔚', '盛夏的果实 - 莫文蔚.lrc', '2014-02-09 00:46:37', '盛夏的果实 - 莫文蔚.mp3'),
(0000000770, '直来直往', '孙燕姿', '直来直往 - 孙燕姿.lrc', '2014-02-09 00:46:37', '直来直往 - 孙燕姿.mp3'),
(0000000771, '相容', '阿杜', '相容 - 阿杜.lrc', '2014-02-09 00:46:37', '相容 - 阿杜.mp3'),
(0000000772, '相约1998', '那英', '相约1998 - 那英.lrc', '2014-02-09 00:46:37', '相约1998 - 那英.mp3'),
(0000000773, '相见不如怀念', '那英', '相见不如怀念 - 那英.lrc', '2014-02-09 00:46:37', '相见不如怀念 - 那英.mp3'),
(0000000774, '相逢在雨中', '黎明', '相逢在雨中 - 黎明.lrc', '2014-02-09 00:46:37', '相逢在雨中 - 黎明.mp3'),
(0000000775, '眷恋', '飞儿乐团', '眷恋 - 飞儿乐团.lrc', '2014-02-09 00:46:37', '眷恋 - 飞儿乐团.mp3'),
(0000000776, '眼泪成诗', '孙燕姿', '眼泪成诗 - 孙燕姿.lrc', '2014-02-09 00:46:37', '眼泪成诗 - 孙燕姿.mp3'),
(0000000777, '眼神', '孙燕姿', '眼神 - 孙燕姿.lrc', '2014-02-09 00:46:37', '眼神 - 孙燕姿.mp3'),
(0000000778, '知足', '五月天', '知足 - 五月天.lrc', '2014-02-09 00:46:37', '知足 - 五月天.mp3'),
(0000000779, '石头记', '达明一派', '石头记 - 达明一派.lrc', '2014-02-09 00:46:37', '石头记 - 达明一派.mp3'),
(0000000780, '祝我生日快乐', '温岚', '祝我生日快乐 - 温岚.lrc', '2014-02-09 00:46:37', '祝我生日快乐 - 温岚.mp3'),
(0000000781, '神啊 救救我', '陈小春', '神啊 救救我 - 陈小春.lrc', '2014-02-09 00:46:37', '神啊 救救我 - 陈小春.mp3'),
(0000000782, '离开我', '陶晶莹', '离开我 - 陶晶莹.lrc', '2014-02-09 00:46:37', '离开我 - 陶晶莹.mp3'),
(0000000783, '离歌', '信乐团', '离歌 - 信乐团.lrc', '2014-02-09 00:46:37', '离歌 - 信乐团.mp3'),
(0000000784, '私奔到月球', '五月天,陈绮贞', '私奔到月球 - 五月天,陈绮贞.lrc', '2014-02-09 00:46:37', '私奔到月球 - 五月天,陈绮贞.mp3'),
(0000000785, '移情别恋', '梁汉文', '移情别恋 - 梁汉文.lrc', '2014-02-09 00:46:37', '移情别恋 - 梁汉文.mp3'),
(0000000786, '稻草人', '林志颖', '稻草人 - 林志颖.lrc', '2014-02-09 00:46:37', '稻草人 - 林志颖.mp3'),
(0000000787, '稻香', '周杰伦', '稻香 - 周杰伦.lrc', '2014-02-09 00:46:37', '稻香 - 周杰伦.mp3'),
(0000000788, '空城', '王菲', '空城 - 王菲.lrc', '2014-02-09 00:46:37', '空城 - 王菲.mp3'),
(0000000789, '空港', '戴爱玲', '空港 - 戴爱玲.lrc', '2014-02-09 00:46:37', '空港 - 戴爱玲.mp3'),
(0000000790, '突然想起你', '萧亚轩', '突然想起你 - 萧亚轩.lrc', '2014-02-09 00:46:37', '突然想起你 - 萧亚轩.mp3'),
(0000000791, '突然累了', '林俊杰', '突然累了 - 林俊杰.lrc', '2014-02-09 00:46:37', '突然累了 - 林俊杰.mp3'),
(0000000792, '站在高岗上', '张惠妹', '站在高岗上 - 张惠妹.lrc', '2014-02-09 00:46:37', '站在高岗上 - 张惠妹.mp3'),
(0000000793, '童年', '张艾嘉', '童年 - 张艾嘉.lrc', '2014-02-09 00:46:37', '童年 - 张艾嘉.mp3'),
(0000000794, '童话', '光良', '童话 - 光良.lrc', '2014-02-09 00:46:37', '童话 - 光良.mp3'),
(0000000795, '笑忘书', '王菲', '笑忘书 - 王菲.lrc', '2014-02-09 00:46:37', '笑忘书 - 王菲.mp3'),
(0000000796, '笑忘歌', '五月天', '笑忘歌 - 五月天.lrc', '2014-02-09 00:46:37', '笑忘歌 - 五月天.mp3'),
(0000000797, '笑脸', '谢东', '笑脸 - 谢东.lrc', '2014-02-09 00:46:37', '笑脸 - 谢东.mp3'),
(0000000798, '笨小孩', '柯受良', '笨小孩 - 柯受良.lrc', '2014-02-09 00:46:37', '笨小孩 - 柯受良.mp3'),
(0000000799, '第一个清晨', '王力宏', '第一个清晨 - 王力宏.lrc', '2014-02-09 00:46:37', '第一个清晨 - 王力宏.mp3'),
(0000000800, '第一天', '孙燕姿,五月天', '第一天 - 孙燕姿,五月天.lrc', '2014-02-09 00:46:37', '第一天 - 孙燕姿,五月天.mp3'),
(0000000801, '第一时间', 'F4', '第一时间 - F4.lrc', '2014-02-09 00:46:37', '第一时间 - F4.mp3'),
(0000000802, '第一次', '光良', '第一次 - 光良.lrc', '2014-02-09 00:46:37', '第一次 - 光良.mp3'),
(0000000803, '第一次爱的人', '王心凌', '第一次爱的人 - 王心凌.lrc', '2014-02-09 00:46:37', '第一次爱的人 - 王心凌.mp3'),
(0000000804, '第三者', '梁静茹', '第三者 - 梁静茹.lrc', '2014-02-09 00:46:37', '第三者 - 梁静茹.mp3'),
(0000000805, '第几个100天', '林俊杰', '第几个100天 - 林俊杰.lrc', '2014-02-09 00:46:37', '第几个100天 - 林俊杰.mp3'),
(0000000806, '等人', '曹方', '等人 - 曹方.lrc', '2014-02-09 00:46:37', '等人 - 曹方.mp3'),
(0000000807, '简单爱', '周杰伦', '简单爱 - 周杰伦.lrc', '2014-02-09 00:46:37', '简单爱 - 周杰伦.mp3'),
(0000000808, '简简单单', '林俊杰', '简简单单 - 林俊杰.lrc', '2014-02-09 00:46:37', '简简单单 - 林俊杰.mp3'),
(0000000809, '算你狠', '陈小春', '算你狠 - 陈小春.lrc', '2014-02-09 00:46:37', '算你狠 - 陈小春.mp3'),
(0000000810, '米兰的小铁匠', '周杰伦', '米兰的小铁匠 - 周杰伦.lrc', '2014-02-09 00:46:37', '米兰的小铁匠 - 周杰伦.mp3'),
(0000000811, '类似爱情', '萧亚轩', '类似爱情 - 萧亚轩.lrc', '2014-02-09 00:46:37', '类似爱情 - 萧亚轩.mp3'),
(0000000812, '红玫瑰', '陈奕迅', '红玫瑰 - 陈奕迅.lrc', '2014-02-09 00:46:37', '红玫瑰 - 陈奕迅.mp3'),
(0000000813, '红色高跟鞋', '蔡健雅', '红色高跟鞋 - 蔡健雅.lrc', '2014-02-09 00:46:37', '红色高跟鞋 - 蔡健雅.mp3'),
(0000000814, '红蜻蜓', '小虎队', '红蜻蜓 - 小虎队.lrc', '2014-02-09 00:46:37', '红蜻蜓 - 小虎队.mp3'),
(0000000815, '红豆', '王菲', '红豆 - 王菲.lrc', '2014-02-09 00:46:37', '红豆 - 王菲.mp3'),
(0000000816, '红颜美人多薄命', '伊能静', '红颜美人多薄命 - 伊能静.lrc', '2014-02-09 00:46:37', '红颜美人多薄命 - 伊能静.mp3'),
(0000000817, '约定', '周蕙', '约定 - 周蕙.lrc', '2014-02-09 00:46:37', '约定 - 周蕙.mp3'),
(0000000818, '纸飞机', '林忆莲', '纸飞机 - 林忆莲.lrc', '2014-02-09 00:46:37', '纸飞机 - 林忆莲.mp3'),
(0000000819, '结了', '郝云', '结了 - 郝云.lrc', '2014-02-09 00:46:37', '结了 - 郝云.mp3'),
(0000000820, '给你们', '张宇', '给你们 - 张宇.lrc', '2014-02-09 00:46:37', '给你们 - 张宇.mp3'),
(0000000821, '给我一首歌的时间', '周杰伦', '给我一首歌的时间 - 周杰伦.lrc', '2014-02-09 00:46:37', '给我一首歌的时间 - 周杰伦.mp3'),
(0000000822, '给我新鲜', '李湘', '给我新鲜 - 李湘.lrc', '2014-02-09 00:46:37', '给我新鲜 - 李湘.mp3'),
(0000000823, '给自己的情书', '王菲', '给自己的情书 - 王菲.lrc', '2014-02-09 00:46:37', '给自己的情书 - 王菲.mp3'),
(0000000824, '编号89757', '林俊杰', '编号89757 - 林俊杰.lrc', '2014-02-09 00:46:37', '编号89757 - 林俊杰.mp3'),
(0000000825, '缘份的天空', '孙楠', '缘份的天空 - 孙楠.lrc', '2014-02-09 00:46:37', '缘份的天空 - 孙楠.mp3'),
(0000000826, '美丽人生', '梁静茹', '美丽人生 - 梁静茹.lrc', '2014-02-09 00:46:37', '美丽人生 - 梁静茹.mp3'),
(0000000827, '美人吟', '李玲玉', '美人吟 - 李玲玉.lrc', '2014-02-09 00:46:37', '美人吟 - 李玲玉.mp3'),
(0000000828, '美人鱼', '林俊杰', '美人鱼 - 林俊杰.lrc', '2014-02-09 00:46:37', '美人鱼 - 林俊杰.mp3'),
(0000000829, '美错', '王菲', '美错 - 王菲.lrc', '2014-02-09 00:46:37', '美错 - 王菲.mp3'),
(0000000830, '翅膀', '林俊杰', '翅膀 - 林俊杰.lrc', '2014-02-09 00:46:37', '翅膀 - 林俊杰.mp3'),
(0000000831, '老地方', '任贤齐', '老地方 - 任贤齐.lrc', '2014-02-09 00:46:37', '老地方 - 任贤齐.mp3'),
(0000000832, '老家', '侃侃', '老家 - 侃侃.lrc', '2014-02-09 00:46:37', '老家 - 侃侃.mp3'),
(0000000833, '而我知道', '五月天', '而我知道 - 五月天.lrc', '2014-02-09 00:46:37', '而我知道 - 五月天.mp3'),
(0000000834, '胆小鬼', '梁咏琪', '胆小鬼 - 梁咏琪.lrc', '2014-02-09 00:46:37', '胆小鬼 - 梁咏琪.mp3'),
(0000000835, '背叛', '曹格', '背叛 - 曹格.lrc', '2014-02-09 00:46:37', '背叛 - 曹格.mp3'),
(0000000836, '脸', '王菲', '脸 - 王菲.lrc', '2014-02-09 00:46:37', '脸 - 王菲.mp3'),
(0000000837, '自我催眠', '罗志祥', '自我催眠 - 罗志祥.lrc', '2014-02-09 00:46:37', '自我催眠 - 罗志祥.mp3'),
(0000000838, '自由', '张震岳', '自由 - 张震岳.lrc', '2014-02-09 00:46:37', '自由 - 张震岳.mp3'),
(0000000839, '自由自在', '许巍', '自由自在 - 许巍.lrc', '2014-02-09 00:46:37', '自由自在 - 许巍.mp3'),
(0000000840, '舍不得', '弦子', '舍不得 - 弦子.lrc', '2014-02-09 00:46:37', '舍不得 - 弦子.mp3'),
(0000000841, '舍得', '张宇', '舍得 - 张宇.lrc', '2014-02-09 00:46:37', '舍得 - 张宇.mp3'),
(0000000842, '花好月圆', '刁寒', '花好月圆 - 刁寒.lrc', '2014-02-09 00:46:37', '花好月圆 - 刁寒.mp3'),
(0000000843, '花田错', '王力宏', '花田错 - 王力宏.lrc', '2014-02-09 00:46:37', '花田错 - 王力宏.mp3'),
(0000000844, '花祭', '齐秦', '花祭 - 齐秦.lrc', '2014-02-09 00:46:37', '花祭 - 齐秦.mp3'),
(0000000845, '花蝴蝶', '蔡依林', '花蝴蝶 - 蔡依林.lrc', '2014-02-09 00:46:37', '花蝴蝶 - 蔡依林.mp3'),
(0000000846, '若你碰到他', '蔡健雅', '若你碰到他 - 蔡健雅.lrc', '2014-02-09 00:46:37', '若你碰到他 - 蔡健雅.mp3'),
(0000000847, '苦瓜', '陈奕迅', '苦瓜 - 陈奕迅.lrc', '2014-02-09 00:46:37', '苦瓜 - 陈奕迅.mp3'),
(0000000848, '菊花台', '周杰伦', '菊花台 - 周杰伦.lrc', '2014-02-09 00:46:37', '菊花台 - 周杰伦.mp3'),
(0000000849, '萤火虫', '伊能静', '萤火虫 - 伊能静.lrc', '2014-02-09 00:46:37', '萤火虫 - 伊能静.mp3'),
(0000000850, '落叶归根', '王力宏', '落叶归根 - 王力宏.lrc', '2014-02-09 00:46:37', '落叶归根 - 王力宏.mp3'),
(0000000851, '落花流水', '陈奕迅', '落花流水 - 陈奕迅.lrc', '2014-02-09 00:46:37', '落花流水 - 陈奕迅.mp3'),
(0000000852, '葡萄成熟时', '陈奕迅', '葡萄成熟时 - 陈奕迅.lrc', '2014-02-09 00:46:37', '葡萄成熟时 - 陈奕迅.mp3'),
(0000000853, '蒲公英的约定', '周杰伦', '蒲公英的约定 - 周杰伦.lrc', '2014-02-09 00:46:37', '蒲公英的约定 - 周杰伦.mp3'),
(0000000854, '蓝色的缘分', '古天乐', '蓝色的缘分 - 古天乐.lrc', '2014-02-09 00:46:37', '蓝色的缘分 - 古天乐.mp3'),
(0000000855, '蔷薇', '萧亚轩', '蔷薇 - 萧亚轩.lrc', '2014-02-09 00:46:37', '蔷薇 - 萧亚轩.mp3'),
(0000000856, '虎口脱险', '老狼', '虎口脱险 - 老狼.lrc', '2014-02-09 00:46:37', '虎口脱险 - 老狼.mp3'),
(0000000857, '蜗牛的家', '郑智化', '蜗牛的家 - 郑智化.lrc', '2014-02-09 00:46:37', '蜗牛的家 - 郑智化.mp3'),
(0000000858, '蝴蝶', '王菲', '蝴蝶 - 王菲.lrc', '2014-02-09 00:46:37', '蝴蝶 - 王菲.mp3'),
(0000000859, '街角的祝福', '戴佩妮', '街角的祝福 - 戴佩妮.lrc', '2014-02-09 00:46:37', '街角的祝福 - 戴佩妮.mp3'),
(0000000860, '表达爱', '林俊杰,廖君', '表达爱 - 林俊杰,廖君.lrc', '2014-02-09 00:46:37', '表达爱 - 林俊杰,廖君.mp3'),
(0000000861, '被抛弃的人', '韩信', '被抛弃的人 - 韩信.lrc', '2014-02-09 00:46:37', '被抛弃的人 - 韩信.mp3'),
(0000000862, '被风吹过的夏天', '金莎,林俊杰', '被风吹过的夏天 - 金莎,林俊杰.lrc', '2014-02-09 00:46:37', '被风吹过的夏天 - 金莎,林俊杰.mp3'),
(0000000863, '西界', '林俊杰', '西界 - 林俊杰.lrc', '2014-02-09 00:46:37', '西界 - 林俊杰.mp3'),
(0000000864, '解脱', '张惠妹', '解脱 - 张惠妹.lrc', '2014-02-09 00:46:37', '解脱 - 张惠妹.mp3'),
(0000000865, '让我照顾你', '五月天', '让我照顾你 - 五月天.lrc', '2014-02-09 00:46:37', '让我照顾你 - 五月天.mp3'),
(0000000866, '记事本', '陈慧琳', '记事本 - 陈慧琳.lrc', '2014-02-09 00:46:37', '记事本 - 陈慧琳.mp3'),
(0000000867, '记得要忘记', 'S.H.E', '记得要忘记 - S.H.E.lrc', '2014-02-09 00:46:37', '记得要忘记 - S.H.E.mp3'),
(0000000868, '记念', '蔡健雅', '记念 - 蔡健雅.lrc', '2014-02-09 00:46:37', '记念 - 蔡健雅.mp3'),
(0000000869, '许愿池的希腊少女', '蔡依林', '许愿池的希腊少女 - 蔡依林.lrc', '2014-02-09 00:46:37', '许愿池的希腊少女 - 蔡依林.mp3'),
(0000000870, '诀别诗', '胡彦斌', '诀别诗 - 胡彦斌.lrc', '2014-02-09 00:46:37', '诀别诗 - 胡彦斌.mp3'),
(0000000871, '诛仙恋', '任贤齐', '诛仙恋 - 任贤齐.lrc', '2014-02-09 00:46:37', '诛仙恋 - 任贤齐.mp3'),
(0000000872, '说好的幸福呢', '周杰伦', '说好的幸福呢 - 周杰伦.lrc', '2014-02-09 00:46:37', '说好的幸福呢 - 周杰伦.mp3'),
(0000000873, '谁愿放手', '陈慧琳', '谁愿放手 - 陈慧琳.lrc', '2014-02-09 00:46:37', '谁愿放手 - 陈慧琳.mp3'),
(0000000874, '谁是大英雄', '张学友', '谁是大英雄 - 张学友.lrc', '2014-02-09 00:46:37', '谁是大英雄 - 张学友.mp3'),
(0000000875, '谢谢你的爱', '刘德华', '谢谢你的爱 - 刘德华.lrc', '2014-02-09 00:46:37', '谢谢你的爱 - 刘德华.mp3'),
(0000000876, '豆浆油条', '林俊杰', '豆浆油条 - 林俊杰.lrc', '2014-02-09 00:46:37', '豆浆油条 - 林俊杰.mp3'),
(0000000877, '豆豆龙', '范晓萱', '豆豆龙 - 范晓萱.lrc', '2014-02-09 00:46:37', '豆豆龙 - 范晓萱.mp3'),
(0000000878, '走了这么久', '韩磊,刘婕', '走了这么久 - 韩磊,刘婕.lrc', '2014-02-09 00:46:37', '走了这么久 - 韩磊,刘婕.mp3'),
(0000000879, '走四方', '韩磊', '走四方 - 韩磊.lrc', '2014-02-09 00:46:37', '走四方 - 韩磊.mp3'),
(0000000880, '走路去纽约', '陶晶莹', '走路去纽约 - 陶晶莹.lrc', '2014-02-09 00:46:37', '走路去纽约 - 陶晶莹.mp3'),
(0000000881, '赶不走', '任贤齐', '赶不走 - 任贤齐.lrc', '2014-02-09 00:46:37', '赶不走 - 任贤齐.mp3'),
(0000000882, '超人不会飞', '周杰伦', '超人不会飞 - 周杰伦.lrc', '2014-02-09 00:46:37', '超人不会飞 - 周杰伦.mp3'),
(0000000883, '超快感', '孙燕姿', '超快感 - 孙燕姿.lrc', '2014-02-09 00:46:37', '超快感 - 孙燕姿.mp3'),
(0000000884, '跟往事干杯', '姜育恒', '跟往事干杯 - 姜育恒.lrc', '2014-02-09 00:46:37', '跟往事干杯 - 姜育恒.mp3'),
(0000000885, '路...一直都在', '陈奕迅', '路...一直都在 - 陈奕迅.lrc', '2014-02-09 00:46:37', '路...一直都在 - 陈奕迅.mp3'),
(0000000886, '身边', '无印良品', '身边 - 无印良品.lrc', '2014-02-09 00:46:37', '身边 - 无印良品.mp3'),
(0000000887, '轨迹', '周杰伦', '轨迹 - 周杰伦.lrc', '2014-02-09 00:46:37', '轨迹 - 周杰伦.mp3'),
(0000000888, '轻轻地告诉你', '杨钰莹', '轻轻地告诉你 - 杨钰莹.lrc', '2014-02-09 00:46:37', '轻轻地告诉你 - 杨钰莹.mp3'),
(0000000889, '轻轻的告诉你', '杨钰莹', '轻轻的告诉你 - 杨钰莹.lrc', '2014-02-09 00:46:37', '轻轻的告诉你 - 杨钰莹.mp3'),
(0000000890, '辛德瑞拉', '戴佩妮', '辛德瑞拉 - 戴佩妮.lrc', '2014-02-09 00:46:37', '辛德瑞拉 - 戴佩妮.mp3'),
(0000000891, '过火', '张信哲', '过火 - 张信哲.lrc', '2014-02-09 00:46:37', '过火 - 张信哲.mp3'),
(0000000892, '过眼云烟', '王菲', '过眼云烟 - 王菲.lrc', '2014-02-09 00:46:37', '过眼云烟 - 王菲.mp3'),
(0000000893, '还是会寂寞', '陈绮贞', '还是会寂寞 - 陈绮贞.lrc', '2014-02-09 00:46:37', '还是会寂寞 - 陈绮贞.mp3'),
(0000000894, '还是好朋友', '王心凌', '还是好朋友 - 王心凌.lrc', '2014-02-09 00:46:37', '还是好朋友 - 王心凌.mp3'),
(0000000895, '还有我', '任贤齐', '还有我 - 任贤齐.lrc', '2014-02-09 00:46:37', '还有我 - 任贤齐.mp3'),
(0000000896, '这就是爱', '王心凌', '这就是爱 - 王心凌.lrc', '2014-02-09 00:46:37', '这就是爱 - 王心凌.mp3'),
(0000000897, '这样爱你好可怕', '林凡', '这样爱你好可怕 - 林凡.lrc', '2014-02-09 00:46:37', '这样爱你好可怕 - 林凡.mp3'),
(0000000898, '这该死的爱', '张靓颖', '这该死的爱 - 张靓颖.lrc', '2014-02-09 00:46:37', '这该死的爱 - 张靓颖.mp3'),
(0000000899, '远方', 'S.H.E', '远方 - S.H.E.lrc', '2014-02-09 00:46:37', '远方 - S.H.E.mp3'),
(0000000900, '远走高飞', '林忆莲', '远走高飞 - 林忆莲.lrc', '2014-02-09 00:46:37', '远走高飞 - 林忆莲.mp3'),
(0000000901, '迷迭香', '周杰伦', '迷迭香 - 周杰伦.lrc', '2014-02-09 00:46:37', '迷迭香 - 周杰伦.mp3'),
(0000000902, '退后', '周杰伦', '退后 - 周杰伦.lrc', '2014-02-09 00:46:37', '退后 - 周杰伦.mp3'),
(0000000903, '逆光', '孙燕姿', '逆光 - 孙燕姿.lrc', '2014-02-09 00:46:37', '逆光 - 孙燕姿.mp3'),
(0000000904, '透过开满鲜花的月亮', '林依轮', '透过开满鲜花的月亮 - 林依轮.lrc', '2014-02-09 00:46:37', '透过开满鲜花的月亮 - 林依轮.mp3'),
(0000000905, '遇见', '孙燕姿', '遇见 - 孙燕姿.lrc', '2014-02-09 00:46:37', '遇见 - 孙燕姿.mp3'),
(0000000906, '遇见我', '曹方', '遇见我 - 曹方.lrc', '2014-02-09 00:46:37', '遇见我 - 曹方.mp3'),
(0000000907, '遗失的美好', '张韶涵', '遗失的美好 - 张韶涵.lrc', '2014-02-09 00:46:37', '遗失的美好 - 张韶涵.mp3'),
(0000000908, '遥望', 'Beyond', '遥望 - Beyond.lrc', '2014-02-09 00:46:37', '遥望 - Beyond.mp3'),
(0000000909, '那一夜', '罗百吉', '那一夜 - 罗百吉.lrc', '2014-02-09 00:46:37', '那一夜 - 罗百吉.mp3'),
(0000000910, '那一年', '许巍', '那一年 - 许巍.lrc', '2014-02-09 00:46:37', '那一年 - 许巍.mp3'),
(0000000911, '那么骄傲', '金海心', '那么骄傲 - 金海心.lrc', '2014-02-09 00:46:37', '那么骄傲 - 金海心.mp3'),
(0000000912, '那女孩', '黄义达', '那女孩 - 黄义达.lrc', '2014-02-09 00:46:37', '那女孩 - 黄义达.mp3'),
(0000000913, '那女孩对我说', '黄义达', '那女孩对我说 - 黄义达.lrc', '2014-02-09 00:46:37', '那女孩对我说 - 黄义达.mp3'),
(0000000914, '那就这样吧', '动力火车', '那就这样吧 - 动力火车.lrc', '2014-02-09 00:46:37', '那就这样吧 - 动力火车.mp3'),
(0000000915, '那年夏天宁静的海', '王心凌', '那年夏天宁静的海 - 王心凌.lrc', '2014-02-09 00:46:37', '那年夏天宁静的海 - 王心凌.mp3'),
(0000000916, '酒干倘卖无', '苏芮', '酒干倘卖无 - 苏芮.lrc', '2014-02-09 00:46:37', '酒干倘卖无 - 苏芮.mp3'),
(0000000917, '醉赤壁', '林俊杰', '醉赤壁 - 林俊杰.lrc', '2014-02-09 00:46:37', '醉赤壁 - 林俊杰.mp3'),
(0000000918, '采蘑菇的小姑娘', '卓依婷', '采蘑菇的小姑娘 - 卓依婷.lrc', '2014-02-09 00:46:37', '采蘑菇的小姑娘 - 卓依婷.mp3'),
(0000000919, '野百合也有春天', '潘越云', '野百合也有春天 - 潘越云.lrc', '2014-02-09 00:46:37', '野百合也有春天 - 潘越云.mp3'),
(0000000920, '野菊花', '林志颖', '野菊花 - 林志颖.lrc', '2014-02-09 00:46:37', '野菊花 - 林志颖.mp3'),
(0000000921, '钟鼓楼', '何勇', '钟鼓楼 - 何勇.lrc', '2014-02-09 00:46:37', '钟鼓楼 - 何勇.mp3'),
(0000000922, '错错错', '五月天', '错错错 - 五月天.lrc', '2014-02-09 00:46:37', '错错错 - 五月天.mp3'),
(0000000923, '长相思', 'S.H.E', '长相思 - S.H.E.lrc', '2014-02-09 00:46:37', '长相思 - S.H.E.mp3'),
(0000000924, '问情', '江淑娜', '问情 - 江淑娜.lrc', '2014-02-09 00:46:37', '问情 - 江淑娜.mp3'),
(0000000925, '闷', '王菲', '闷 - 王菲.lrc', '2014-02-09 00:46:37', '闷 - 王菲.mp3'),
(0000000926, '阳光宅男', '周杰伦', '阳光宅男 - 周杰伦.lrc', '2014-02-09 00:46:37', '阳光宅男 - 周杰伦.mp3'),
(0000000927, '阳宝', '王菲', '阳宝 - 王菲.lrc', '2014-02-09 00:46:37', '阳宝 - 王菲.mp3'),
(0000000928, '陌生人', '蔡健雅', '陌生人 - 蔡健雅.lrc', '2014-02-09 00:46:37', '陌生人 - 蔡健雅.mp3'),
(0000000929, '陪你一起老', '品冠', '陪你一起老 - 品冠.lrc', '2014-02-09 00:46:37', '陪你一起老 - 品冠.mp3'),
(0000000930, '隐形人', '孙燕姿', '隐形人 - 孙燕姿.lrc', '2014-02-09 00:46:37', '隐形人 - 孙燕姿.mp3'),
(0000000931, '隐形的翅膀', '张韶涵', '隐形的翅膀 - 张韶涵.lrc', '2014-02-09 00:46:37', '隐形的翅膀 - 张韶涵.mp3'),
(0000000932, '难得糊涂', '郑钧', '难得糊涂 - 郑钧.lrc', '2014-02-09 00:46:37', '难得糊涂 - 郑钧.mp3'),
(0000000933, '雌雄同体', '五月天', '雌雄同体 - 五月天.lrc', '2014-02-09 00:46:37', '雌雄同体 - 五月天.mp3'),
(0000000934, '雨樱花', '飞儿乐团', '雨樱花 - 飞儿乐团.lrc', '2014-02-09 00:46:37', '雨樱花 - 飞儿乐团.mp3'),
(0000000935, '雨蝶', '李翊君', '雨蝶 - 李翊君.lrc', '2014-02-09 00:46:37', '雨蝶 - 李翊君.mp3'),
(0000000936, '雪人', '范晓萱', '雪人 - 范晓萱.lrc', '2014-02-09 00:46:37', '雪人 - 范晓萱.mp3'),
(0000000937, '需要人陪', '王力宏', '需要人陪 - 王力宏.lrc', '2014-02-09 00:46:37', '需要人陪 - 王力宏.mp3'),
(0000000938, '青花瓷', '周杰伦', '青花瓷 - 周杰伦.lrc', '2014-02-09 00:46:37', '青花瓷 - 周杰伦.mp3'),
(0000000939, '青苹果乐园', '小虎队', '青苹果乐园 - 小虎队.lrc', '2014-02-09 00:46:37', '青苹果乐园 - 小虎队.mp3'),
(0000000940, '静静的看你', '萧亚轩', '静静的看你 - 萧亚轩.lrc', '2014-02-09 00:46:37', '静静的看你 - 萧亚轩.mp3'),
(0000000941, '风吹过下雨天', '曹方', '风吹过下雨天 - 曹方.lrc', '2014-02-09 00:46:37', '风吹过下雨天 - 曹方.mp3'),
(0000000942, '风吹麦浪', '李健', '风吹麦浪 - 李健.lrc', '2014-02-09 00:46:37', '风吹麦浪 - 李健.mp3'),
(0000000943, '风和日丽', '刘若英', '风和日丽 - 刘若英.lrc', '2014-02-09 00:46:37', '风和日丽 - 刘若英.mp3'),
(0000000944, '风筝', '孙燕姿', '风筝 - 孙燕姿.lrc', '2014-02-09 00:46:37', '风筝 - 孙燕姿.mp3'),
(0000000945, '风筝与风', 'Twins', '风筝与风 - Twins.lrc', '2014-02-09 00:46:37', '风筝与风 - Twins.mp3'),
(0000000946, '风铃', '周蕙', '风铃 - 周蕙.lrc', '2014-02-09 00:46:37', '风铃 - 周蕙.mp3'),
(0000000947, '飞天', '含笑', '飞天 - 含笑.lrc', '2014-02-09 00:46:37', '飞天 - 含笑.mp3'),
(0000000948, '飞机场的10_30', '陶喆', '飞机场的10_30 - 陶喆.lrc', '2014-02-09 00:46:37', '飞机场的10_30 - 陶喆.mp3'),
(0000000949, '飞鸟', '任贤齐', '飞鸟 - 任贤齐.lrc', '2014-02-09 00:46:37', '飞鸟 - 任贤齐.mp3'),
(0000000950, '香水百合', '张韶涵', '香水百合 - 张韶涵.lrc', '2014-02-09 00:46:37', '香水百合 - 张韶涵.mp3'),
(0000000951, '骊歌', '小虎队', '骊歌 - 小虎队.lrc', '2014-02-09 00:46:37', '骊歌 - 小虎队.mp3'),
(0000000952, '鬼迷心窍', '李宗盛', '鬼迷心窍 - 李宗盛.lrc', '2014-02-09 00:46:37', '鬼迷心窍 - 李宗盛.mp3'),
(0000000953, '魅力无限', '孙悦', '魅力无限 - 孙悦.lrc', '2014-02-09 00:46:37', '魅力无限 - 孙悦.mp3'),
(0000000954, '魔力', 'S.H.E', '魔力 - S.H.E.lrc', '2014-02-09 00:46:37', '魔力 - S.H.E.mp3'),
(0000000955, '鲁冰花', '曾淑勤', '鲁冰花 - 曾淑勤.lrc', '2014-02-09 00:46:37', '鲁冰花 - 曾淑勤.mp3'),
(0000000956, '麦克', '老狼', '麦克 - 老狼.lrc', '2014-02-09 00:46:37', '麦克 - 老狼.mp3'),
(0000000957, '麦芽糖', '周杰伦', '麦芽糖 - 周杰伦.lrc', '2014-02-09 00:46:37', '麦芽糖 - 周杰伦.mp3'),
(0000000958, '麻花辫子', '郑智化', '麻花辫子 - 郑智化.lrc', '2014-02-09 00:46:37', '麻花辫子 - 郑智化.mp3'),
(0000000959, '黄土高坡', '胡月', '黄土高坡 - 胡月.lrc', '2014-02-09 00:46:37', '黄土高坡 - 胡月.mp3'),
(0000000960, '黎明破晓前', '林志颖', '黎明破晓前 - 林志颖.lrc', '2014-02-09 00:46:37', '黎明破晓前 - 林志颖.mp3'),
(0000000961, '黑猫警长', '小蓓蕾组合', '黑猫警长 - 小蓓蕾组合.lrc', '2014-02-09 00:46:37', '黑猫警长 - 小蓓蕾组合.mp3'),
(0000000962, '黑白配', '范玮琪', '黑白配 - 范玮琪.lrc', '2014-02-09 00:46:37', '黑白配 - 范玮琪.mp3'),
(0000000963, '黑色幽默', '周杰伦', '黑色幽默 - 周杰伦.lrc', '2014-02-09 00:46:37', '黑色幽默 - 周杰伦.mp3'),
(0000000964, '黑色毛衣', '周杰伦', '黑色毛衣 - 周杰伦.lrc', '2014-02-09 00:46:37', '黑色毛衣 - 周杰伦.mp3'),
(0000000965, '龙卷风', '周杰伦', '龙卷风 - 周杰伦.lrc', '2014-02-09 00:46:37', '龙卷风 - 周杰伦.mp3'),
(0000000966, '龙的传人', '李建复', '龙的传人 - 李建复.lrc', '2014-02-09 00:46:37', '龙的传人 - 李建复.mp3');

-- --------------------------------------------------------

--
-- 表的结构 `polls_choice`
--

CREATE TABLE IF NOT EXISTS `polls_choice` (
  `id` int(11) NOT NULL AUTO_INCREMENT,
  `poll_id` int(11) NOT NULL,
  `choice` varchar(200) NOT NULL,
  `votes` int(11) NOT NULL,
  PRIMARY KEY (`id`),
  KEY `polls_choice_763e883` (`poll_id`)
) ENGINE=MyISAM  DEFAULT CHARSET=latin1 AUTO_INCREMENT=9 ;

--
-- 转存表中的数据 `polls_choice`
--

INSERT INTO `polls_choice` (`id`, `poll_id`, `choice`, `votes`) VALUES
(1, 2, 'Jaime', 1),
(2, 2, 'Tryion', 3),
(3, 2, 'Ned Stark', 3),
(4, 3, 'yes', 3),
(5, 3, 'no', 4),
(6, 4, 'Stark', 2),
(7, 4, 'Targaren', 1),
(8, 4, 'Lannister', 1);

-- --------------------------------------------------------

--
-- 表的结构 `polls_poll`
--

CREATE TABLE IF NOT EXISTS `polls_poll` (
  `id` int(11) NOT NULL AUTO_INCREMENT,
  `question` varchar(200) NOT NULL,
  `pub_date` datetime NOT NULL,
  PRIMARY KEY (`id`)
) ENGINE=MyISAM  DEFAULT CHARSET=latin1 AUTO_INCREMENT=5 ;

--
-- 转存表中的数据 `polls_poll`
--

INSERT INTO `polls_poll` (`id`, `question`, `pub_date`) VALUES
(2, 'Which character do you like best?', '2012-10-30 20:10:26'),
(3, 'Do you think the queue Cercei is totally a nuts?', '2012-10-30 20:12:58'),
(4, 'Which house do you think will win the Iron Throne in the end?', '2012-10-31 02:10:44');
